<?xml version="1.0" encoding="utf-8"?>
<?xml-stylesheet type='text/xsl' href='ConversionLogFile.xsl'?>
<LogFile projectName="1_JSC_SimpleTest_Telegram_5_V15.1" typeText="Type" messageText="Message" timeText="Time">
  <MessageCell ServiceId="80" MessageId="30" MessageClass="Information" Timestamp="12/15/2021 6:06:03 PM">
    <Number ServiceNumber="80" MessageNumber="30" />
    <Text FeedbackText="Upgrade started" />
    <Help HelpId="-1" />
  </MessageCell>
  <Details ServiceId="80" MessageId="30" Timestamp="12/15/2021 6:06:05 PM" Debug="false">
    <Text>Reorganization succeed!</Text>
  </Details>
  <MessageCell ServiceId="80" MessageId="30" MessageClass="Information" Timestamp="12/15/2021 6:06:06 PM">
    <Number ServiceNumber="80" MessageNumber="30" />
    <Text FeedbackText="CheckRepair lost+found objects" />
    <Help HelpId="-1" />
  </MessageCell>
  <Details ServiceId="80" MessageId="30" Timestamp="12/15/2021 6:06:06 PM" Debug="false">
    <Text>No error is detected.</Text>
  </Details>
  <MessageCell ServiceId="80" MessageId="30" MessageClass="Information" Timestamp="12/15/2021 6:06:06 PM">
    <Number ServiceNumber="80" MessageNumber="30" />
    <Text FeedbackText="CheckRepair missing bidirectional links" />
    <Help HelpId="-1" />
  </MessageCell>
  <Details ServiceId="80" MessageId="30" Timestamp="12/15/2021 6:06:06 PM" Debug="false">
    <Text>No error is detected.</Text>
  </Details>
  <MessageCell ServiceId="80" MessageId="30" MessageClass="Information" Timestamp="12/15/2021 6:06:18 PM">
    <Number ServiceNumber="80" MessageNumber="30" />
    <Text FeedbackText="Starting conversion of UMAC data." />
    <Help HelpId="-1" />
  </MessageCell>
  <MessageCell ServiceId="80" MessageId="30" MessageClass="Information" Timestamp="12/15/2021 6:06:18 PM">
    <Number ServiceNumber="80" MessageNumber="30" />
    <Text FeedbackText="Conversion of UMAC data is finished." />
    <Help HelpId="-1" />
  </MessageCell>
  <MessageCell ServiceId="80" MessageId="30" MessageClass="Information" Timestamp="12/15/2021 6:06:18 PM">
    <Number ServiceNumber="80" MessageNumber="30" />
    <Text FeedbackText="Starting conversion of user and roles configuration data." />
    <Help HelpId="-1" />
  </MessageCell>
  <MessageCell ServiceId="80" MessageId="30" MessageClass="Information" Timestamp="12/15/2021 6:06:18 PM">
    <Number ServiceNumber="80" MessageNumber="30" />
    <Text FeedbackText="User with the required engineering right &quot;Manage users and roles&quot; has logged in." />
    <Help HelpId="-1" />
  </MessageCell>
  <MessageCell ServiceId="80" MessageId="30" MessageClass="Information" Timestamp="12/15/2021 6:06:18 PM">
    <Number ServiceNumber="80" MessageNumber="30" />
    <Text FeedbackText="Conversion of user and roles configuration is finished." />
    <Help HelpId="-1" />
  </MessageCell>
  <Details ServiceId="80" MessageId="30" Timestamp="12/15/2021 6:06:25 PM" Debug="false">
    <Text>Not invalidating fingerprints for protected object: MC-Servo[OB91]</Text>
  </Details>
  <Details ServiceId="80" MessageId="30" Timestamp="12/15/2021 6:06:25 PM" Debug="false">
    <Text>Not invalidating fingerprints for protected object: MC-Interpolator[OB92]</Text>
  </Details>
  <Details ServiceId="80" MessageId="30" Timestamp="12/15/2021 6:06:26 PM" Debug="false">
    <Text>Not invalidating fingerprints for protected object: WRREC_SFB[SFB53]</Text>
  </Details>
  <Details ServiceId="80" MessageId="30" Timestamp="12/15/2021 6:06:26 PM" Debug="false">
    <Text>Not invalidating fingerprints for protected object: RDREC_SFB[SFB52]</Text>
  </Details>
  <Details ServiceId="80" MessageId="30" Timestamp="12/15/2021 6:06:26 PM" Debug="false">
    <Text>Not invalidating fingerprints for protected object: MC_HOME[FB1201]</Text>
  </Details>
  <Details ServiceId="80" MessageId="30" Timestamp="12/15/2021 6:06:26 PM" Debug="false">
    <Text>Not invalidating fingerprints for protected object: MC_MOVEABSOLUTE[FB1202]</Text>
  </Details>
  <Details ServiceId="80" MessageId="30" Timestamp="12/15/2021 6:06:26 PM" Debug="false">
    <Text>Not invalidating fingerprints for protected object: MC_POWER[FB1206]</Text>
  </Details>
  <Details ServiceId="80" MessageId="30" Timestamp="12/15/2021 6:06:26 PM" Debug="false">
    <Text>Not invalidating fingerprints for library object: hg1jahs3gd0jgsa36021e92-4745-47e6-91ef-ff5a5aaf98d20[FB5]</Text>
  </Details>
  <Details ServiceId="80" MessageId="30" Timestamp="12/15/2021 6:06:26 PM" Debug="false">
    <Text>Not invalidating fingerprints for protected object: MC_RESET[FB1207]</Text>
  </Details>
  <Details ServiceId="80" MessageId="30" Timestamp="12/15/2021 6:06:26 PM" Debug="false">
    <Text>Not invalidating fingerprints for library object: hg1jahs3gd0jgsacd3ae579-1076-4412-8453-a1dfee375b330[FB20]</Text>
  </Details>
  <Details ServiceId="80" MessageId="30" Timestamp="12/15/2021 6:06:26 PM" Debug="false">
    <Text>Not invalidating fingerprints for protected object: MC_HALT[FB1200]</Text>
  </Details>
  <Details ServiceId="80" MessageId="30" Timestamp="12/15/2021 6:06:26 PM" Debug="false">
    <Text>Not invalidating fingerprints for library object: hg1jahs3gd0jgsa7df289c7-8a29-49bd-9e6e-52aac75cf1210[FB20]</Text>
  </Details>
  <Details ServiceId="80" MessageId="30" Timestamp="12/15/2021 6:06:26 PM" Debug="false">
    <Text>Not invalidating fingerprints for library object: hg1jahs3gd0jgsab61c69af-f509-41ff-93e4-22e6baa383620[FB287]</Text>
  </Details>
  <Details ServiceId="80" MessageId="30" Timestamp="12/15/2021 6:06:26 PM" Debug="false">
    <Text>Not invalidating fingerprints for protected object: RD_ADDR[SFC143]</Text>
  </Details>
  <Details ServiceId="80" MessageId="30" Timestamp="12/15/2021 6:06:26 PM" Debug="false">
    <Text>Not invalidating fingerprints for library object: Default tag table</Text>
  </Details>
  <Details ServiceId="80" MessageId="30" Timestamp="12/15/2021 6:06:26 PM" Debug="false">
    <Text>Not invalidating fingerprints for library object: Default tag table</Text>
  </Details>
  <Details ServiceId="80" MessageId="30" Timestamp="12/15/2021 6:06:26 PM" Debug="false">
    <Text>Not invalidating fingerprints for library object: Default tag table</Text>
  </Details>
  <Details ServiceId="80" MessageId="30" Timestamp="12/15/2021 6:06:26 PM" Debug="false">
    <Text>Not invalidating fingerprints for library object: Default tag table</Text>
  </Details>
  <MessageCell ServiceId="80" MessageId="30" MessageClass="Information" Timestamp="12/15/2021 6:06:33 PM">
    <Number ServiceNumber="80" MessageNumber="30" />
    <Text FeedbackText="The cross-reference information is being converted." />
    <Help HelpId="-1" />
  </MessageCell>
  <MessageCell ServiceId="80" MessageId="30" MessageClass="Information" Timestamp="12/15/2021 6:06:34 PM">
    <Number ServiceNumber="80" MessageNumber="30" />
    <Text FeedbackText="The cross-reference information was created successfully." />
    <Help HelpId="-1" />
  </MessageCell>
  <MessageCell ServiceId="80" MessageId="30" MessageClass="Information" Timestamp="12/15/2021 6:06:34 PM">
    <Number ServiceNumber="80" MessageNumber="30" />
    <Text FeedbackText="Conversion of the cross-reference information is finished." />
    <Help HelpId="-1" />
  </MessageCell>
  <Details ServiceId="80" MessageId="30" Timestamp="12/15/2021 6:06:35 PM" Debug="false">
    <Text>Package container 'HW.GSD.gsdml-v2.25-jenny_science-xenax_xvi75v8s-20200305-000240.xml.DEVICE_1.0.0' was deleted</Text>
  </Details>
  <Details ServiceId="80" MessageId="30" Timestamp="12/15/2021 6:06:35 PM" Debug="false">
    <Text>Package container 'HW.GSD.gsdml-v2.25-jenny_science-xenax_xvi75v8-20200305-000240.xml.DEVICE_1.0.0' was deleted</Text>
  </Details>
  <Details ServiceId="80" MessageId="30" Timestamp="12/15/2021 6:06:35 PM" Debug="false">
    <Text>Package container 'HW.GSD.gsdml-v2.25-jenny_science-xenax_xvi75v8-20191111.xml.DEVICE_1.0.0' was deleted</Text>
  </Details>
  <Details ServiceId="80" MessageId="30" Timestamp="12/15/2021 6:06:35 PM" Debug="false">
    <Text>Package container 'HW.GSD.gsdml-v2.25-jenny_science-xenax_xvi75v8-20200131.xml.DEVICE_1.0.0' was deleted</Text>
  </Details>
  <Details ServiceId="80" MessageId="30" Timestamp="12/15/2021 6:06:35 PM" Debug="false">
    <Text>Package container 'Siemens.Simatic.Lang.S7PSW.V15.0.0.0.NonMandatory' was deleted</Text>
  </Details>
  <Details ServiceId="80" MessageId="30" Timestamp="12/15/2021 6:06:35 PM" Debug="false">
    <Text>Package container 'HW.S71500.CPU.CPU_1513_1_PN.MDD_6ES7513-1AL00-0AB0_1.8_14.0.0' was deleted</Text>
  </Details>
  <Details ServiceId="80" MessageId="30" Timestamp="12/15/2021 6:06:35 PM" Debug="false">
    <Text>Package container 'HW.GSD.gsdml-v2.25-jenny_science-xenax_xvi75v8-20151211.xml.DEVICE_1.0.0' was deleted</Text>
  </Details>
  <Details ServiceId="80" MessageId="30" Timestamp="12/15/2021 6:06:35 PM" Debug="false">
    <Text>Product version 'HW.GSD.gsdml-v2.25-jenny_science-xenax_xvi75v8s-20200305-000240.xml.DEVICE_1.0.0.Product:11.0.0.0.0' was deleted</Text>
  </Details>
  <Details ServiceId="80" MessageId="30" Timestamp="12/15/2021 6:06:35 PM" Debug="false">
    <Text>Product version 'HW.GSD.gsdml-v2.25-jenny_science-xenax_xvi75v8-20200305-000240.xml.DEVICE_1.0.0.Product:11.0.0.0.0' was deleted</Text>
  </Details>
  <Details ServiceId="80" MessageId="30" Timestamp="12/15/2021 6:06:35 PM" Debug="false">
    <Text>Product version 'HW.GSD.gsdml-v2.25-jenny_science-xenax_xvi75v8-20191111.xml.DEVICE_1.0.0.Product:11.0.0.0.0' was deleted</Text>
  </Details>
  <Details ServiceId="80" MessageId="30" Timestamp="12/15/2021 6:06:35 PM" Debug="false">
    <Text>Product version 'HW.GSD.gsdml-v2.25-jenny_science-xenax_xvi75v8-20200131.xml.DEVICE_1.0.0.Product:11.0.0.0.0' was deleted</Text>
  </Details>
  <Details ServiceId="80" MessageId="30" Timestamp="12/15/2021 6:06:35 PM" Debug="false">
    <Text>Product version 'Siemens.Simatic.STEP7.Professional:14.00.00.00' was deleted</Text>
  </Details>
  <Details ServiceId="80" MessageId="30" Timestamp="12/15/2021 6:06:35 PM" Debug="false">
    <Text>Product version 'HW.GSD.gsdml-v2.25-jenny_science-xenax_xvi75v8-20151211.xml.DEVICE_1.0.0.Product:11.0.0.0.0' was deleted</Text>
  </Details>
  <MessageCell ServiceId="Automation-ObjectFrame-Feedbacks" MessageId="ConversionInfoTabProjectSucceeded" MessageClass="Success" Timestamp="12/15/2021 6:06:36 PM">
    <Number ServiceNumber="80" MessageNumber="34" />
    <Text FeedbackText="Project 'C:\Users\E5020419\Desktop\Test\1_JSC_SimpleTest_Telegram_5\System\PEData.plf' was successfully upgraded and saved as project 'C:\Users\E5020419\Desktop\Test\1_JSC_SimpleTest_Telegram_5_V15.1\System\PEData.plf'." />
    <Help HelpId="-1" HelpFile="" />
  </MessageCell>
</LogFile>