<?xml version="1.0" encoding="utf-8"?>
<?xml-stylesheet type='text/xsl' href='ConversionLogFile.xsl'?>
<LogFile projectName="Std PLV_01122021_V1" typeText="Type" messageText="Message" timeText="Time">
  <MessageCell ServiceId="80" MessageId="30" MessageClass="Information" Timestamp="12/1/2021 12:50:31 PM">
    <Number ServiceNumber="80" MessageNumber="30" />
    <Text FeedbackText="Upgrade started" />
    <Help HelpId="-1" />
  </MessageCell>
  <Details ServiceId="80" MessageId="30" Timestamp="12/1/2021 12:50:33 PM" Debug="false">
    <Text>Reorganization succeed!</Text>
  </Details>
  <MessageCell ServiceId="80" MessageId="30" MessageClass="Information" Timestamp="12/1/2021 12:50:33 PM">
    <Number ServiceNumber="80" MessageNumber="30" />
    <Text FeedbackText="CheckRepair lost+found objects" />
    <Help HelpId="-1" />
  </MessageCell>
  <Details ServiceId="80" MessageId="30" Timestamp="12/1/2021 12:50:33 PM" Debug="false">
    <Text>No error is detected.</Text>
  </Details>
  <MessageCell ServiceId="80" MessageId="30" MessageClass="Information" Timestamp="12/1/2021 12:50:33 PM">
    <Number ServiceNumber="80" MessageNumber="30" />
    <Text FeedbackText="CheckRepair missing bidirectional links" />
    <Help HelpId="-1" />
  </MessageCell>
  <Details ServiceId="80" MessageId="30" Timestamp="12/1/2021 12:50:34 PM" Debug="false">
    <Text>No error is detected.</Text>
  </Details>
  <MessageCell ServiceId="80" MessageId="30" MessageClass="Information" Timestamp="12/1/2021 12:50:44 PM">
    <Number ServiceNumber="80" MessageNumber="30" />
    <Text FeedbackText="For security reasons the security policy Basic128Rsa15 of the OPC UA server will be disabled. It can be enabled manually in the settings of the OPC UA server" />
    <Help HelpId="-1" />
  </MessageCell>
  <MessageCell ServiceId="80" MessageId="30" MessageClass="Information" Timestamp="12/1/2021 12:50:44 PM">
    <Number ServiceNumber="80" MessageNumber="30" />
    <Text FeedbackText="Starting conversion of UMAC data." />
    <Help HelpId="-1" />
  </MessageCell>
  <MessageCell ServiceId="80" MessageId="30" MessageClass="Information" Timestamp="12/1/2021 12:50:44 PM">
    <Number ServiceNumber="80" MessageNumber="30" />
    <Text FeedbackText="Conversion of UMAC data is finished." />
    <Help HelpId="-1" />
  </MessageCell>
  <MessageCell ServiceId="80" MessageId="30" MessageClass="Information" Timestamp="12/1/2021 12:50:44 PM">
    <Number ServiceNumber="80" MessageNumber="30" />
    <Text FeedbackText="Starting conversion of user and roles configuration data." />
    <Help HelpId="-1" />
  </MessageCell>
  <MessageCell ServiceId="80" MessageId="30" MessageClass="Information" Timestamp="12/1/2021 12:50:44 PM">
    <Number ServiceNumber="80" MessageNumber="30" />
    <Text FeedbackText="User with the required engineering right &quot;Manage users and roles&quot; has logged in." />
    <Help HelpId="-1" />
  </MessageCell>
  <MessageCell ServiceId="80" MessageId="30" MessageClass="Information" Timestamp="12/1/2021 12:50:44 PM">
    <Number ServiceNumber="80" MessageNumber="30" />
    <Text FeedbackText="Conversion of user and roles configuration is finished." />
    <Help HelpId="-1" />
  </MessageCell>
  <Details ServiceId="80" MessageId="30" Timestamp="12/1/2021 12:50:52 PM" Debug="false">
    <Text>Not invalidating fingerprints for protected object: DB_ShiftCalculation[DB399]</Text>
  </Details>
  <Details ServiceId="80" MessageId="30" Timestamp="12/1/2021 12:50:53 PM" Debug="false">
    <Text>Not invalidating fingerprints for protected object: FILL_SFC[SFC21]</Text>
  </Details>
  <Details ServiceId="80" MessageId="30" Timestamp="12/1/2021 12:50:53 PM" Debug="false">
    <Text>Not invalidating fingerprints for protected object: WRREC_SFB[SFB53]</Text>
  </Details>
  <Details ServiceId="80" MessageId="30" Timestamp="12/1/2021 12:50:53 PM" Debug="false">
    <Text>Not invalidating fingerprints for protected object: RDREC_SFB[SFB52]</Text>
  </Details>
  <Details ServiceId="80" MessageId="30" Timestamp="12/1/2021 12:50:53 PM" Debug="false">
    <Text>Not invalidating fingerprints for protected object: READ_CLK_SFC[SFC1]</Text>
  </Details>
  <Details ServiceId="80" MessageId="30" Timestamp="12/1/2021 12:50:53 PM" Debug="false">
    <Text>Not invalidating fingerprints for protected object: DPWR_DAT_SFC[SFC15]</Text>
  </Details>
  <Details ServiceId="80" MessageId="30" Timestamp="12/1/2021 12:50:53 PM" Debug="false">
    <Text>Not invalidating fingerprints for protected object: DPRD_DAT_SFC[SFC14]</Text>
  </Details>
  <Details ServiceId="80" MessageId="30" Timestamp="12/1/2021 12:50:53 PM" Debug="false">
    <Text>Not invalidating fingerprints for protected object: STRG_R_SFC[SFC208]</Text>
  </Details>
  <MessageCell ServiceId="80" MessageId="30" MessageClass="Warning" Timestamp="12/1/2021 12:50:56 PM">
    <Number ServiceNumber="80" MessageNumber="30" />
    <Text FeedbackText="Project element: '\STD PLV\ProgramBlocksFolder\Traceability\3 FB\FB_Search' - Checksum inconsistency for 'General'." />
    <Help HelpId="-1" />
  </MessageCell>
  <MessageCell ServiceId="80" MessageId="30" MessageClass="Warning" Timestamp="12/1/2021 12:50:57 PM">
    <Number ServiceNumber="80" MessageNumber="30" />
    <Text FeedbackText="Project element: '\STD PLV\ProgramBlocksFolder\4 Index 4\1 FC\01 FC_Index4_Main' - Checksum inconsistency for 'General'." />
    <Help HelpId="-1" />
  </MessageCell>
  <MessageCell ServiceId="80" MessageId="30" MessageClass="Warning" Timestamp="12/1/2021 12:50:57 PM">
    <Number ServiceNumber="80" MessageNumber="30" />
    <Text FeedbackText="Project element: '\STD PLV\ProgramBlocksFolder\4 Index 4\1 FC\03 FC_Index4_General' - Checksum inconsistency for 'General'." />
    <Help HelpId="-1" />
  </MessageCell>
  <MessageCell ServiceId="80" MessageId="30" MessageClass="Warning" Timestamp="12/1/2021 12:50:57 PM">
    <Number ServiceNumber="80" MessageNumber="30" />
    <Text FeedbackText="Project element: '\STD PLV\ProgramBlocksFolder\4 Index 4\1 FC\04 FC_Index4_Manual Sequence' - Checksum inconsistency for 'General'." />
    <Help HelpId="-1" />
  </MessageCell>
  <MessageCell ServiceId="80" MessageId="30" MessageClass="Warning" Timestamp="12/1/2021 12:50:57 PM">
    <Number ServiceNumber="80" MessageNumber="30" />
    <Text FeedbackText="Project element: '\STD PLV\ProgramBlocksFolder\4 Index 4\1 FC\06 FC_Index4_Factory Setting' - Checksum inconsistency for 'General'." />
    <Help HelpId="-1" />
  </MessageCell>
  <MessageCell ServiceId="80" MessageId="30" MessageClass="Warning" Timestamp="12/1/2021 12:50:57 PM">
    <Number ServiceNumber="80" MessageNumber="30" />
    <Text FeedbackText="Project element: '\STD PLV\ProgramBlocksFolder\4 Index 4\1 FC\09 FC_Index4_Server Write' - Checksum inconsistency for 'General'." />
    <Help HelpId="-1" />
  </MessageCell>
  <MessageCell ServiceId="80" MessageId="30" MessageClass="Warning" Timestamp="12/1/2021 12:50:57 PM">
    <Number ServiceNumber="80" MessageNumber="30" />
    <Text FeedbackText="Project element: '\STD PLV\ProgramBlocksFolder\OBs\Rack or station failure' - Checksum inconsistency for 'General; Event'." />
    <Help HelpId="-1" />
  </MessageCell>
  <MessageCell ServiceId="80" MessageId="30" MessageClass="Warning" Timestamp="12/1/2021 12:50:57 PM">
    <Number ServiceNumber="80" MessageNumber="30" />
    <Text FeedbackText="Project element: '\STD PLV\ProgramBlocksFolder\4 Index 4\1 FC\05 FC_Index4_Homing Sequence' - Checksum inconsistency for 'General'." />
    <Help HelpId="-1" />
  </MessageCell>
  <MessageCell ServiceId="80" MessageId="30" MessageClass="Warning" Timestamp="12/1/2021 12:50:57 PM">
    <Number ServiceNumber="80" MessageNumber="30" />
    <Text FeedbackText="Project element: '\STD PLV\ProgramBlocksFolder\4 Index 4\1 FC\07 FC_Index4_Auto Sequence' - Checksum inconsistency for 'General'." />
    <Help HelpId="-1" />
  </MessageCell>
  <MessageCell ServiceId="80" MessageId="30" MessageClass="Warning" Timestamp="12/1/2021 12:50:57 PM">
    <Number ServiceNumber="80" MessageNumber="30" />
    <Text FeedbackText="Project element: '\STD PLV\ProgramBlocksFolder\OBs\Startup' - Checksum inconsistency for 'General; Event'." />
    <Help HelpId="-1" />
  </MessageCell>
  <MessageCell ServiceId="80" MessageId="30" MessageClass="Warning" Timestamp="12/1/2021 12:50:57 PM">
    <Number ServiceNumber="80" MessageNumber="30" />
    <Text FeedbackText="Project element: '\STD PLV\ProgramBlocksFolder\OBs\Programming error' - Checksum inconsistency for 'General; Event'." />
    <Help HelpId="-1" />
  </MessageCell>
  <MessageCell ServiceId="80" MessageId="30" MessageClass="Warning" Timestamp="12/1/2021 12:50:57 PM">
    <Number ServiceNumber="80" MessageNumber="30" />
    <Text FeedbackText="Project element: '\STD PLV\ProgramBlocksFolder\OBs\Pull or plug of modules' - Checksum inconsistency for 'General; Event'." />
    <Help HelpId="-1" />
  </MessageCell>
  <MessageCell ServiceId="80" MessageId="30" MessageClass="Warning" Timestamp="12/1/2021 12:50:57 PM">
    <Number ServiceNumber="80" MessageNumber="30" />
    <Text FeedbackText="Project element: '\STD PLV\ProgramBlocksFolder\4 Index 4\1 FC\11 FC_Index4_Servo' - Checksum inconsistency for 'General'." />
    <Help HelpId="-1" />
  </MessageCell>
  <MessageCell ServiceId="80" MessageId="30" MessageClass="Warning" Timestamp="12/1/2021 12:50:57 PM">
    <Number ServiceNumber="80" MessageNumber="30" />
    <Text FeedbackText="Project element: '\STD PLV\ProgramBlocksFolder\3 Index 3\1 FC\07 FC_Index3_Auto Sequence' - Checksum inconsistency for 'General'." />
    <Help HelpId="-1" />
  </MessageCell>
  <MessageCell ServiceId="80" MessageId="30" MessageClass="Warning" Timestamp="12/1/2021 12:50:57 PM">
    <Number ServiceNumber="80" MessageNumber="30" />
    <Text FeedbackText="Project element: '\STD PLV\ProgramBlocksFolder\4 Index 4\1 FC\16 FC_Index4_Analog' - Checksum inconsistency for 'General'." />
    <Help HelpId="-1" />
  </MessageCell>
  <MessageCell ServiceId="80" MessageId="30" MessageClass="Warning" Timestamp="12/1/2021 12:50:57 PM">
    <Number ServiceNumber="80" MessageNumber="30" />
    <Text FeedbackText="Project element: '\STD PLV\ProgramBlocksFolder\3 Index 3\1 FC\23 FC_Index3_Auto Sequence 2' - Checksum inconsistency for 'General'." />
    <Help HelpId="-1" />
  </MessageCell>
  <MessageCell ServiceId="80" MessageId="30" MessageClass="Warning" Timestamp="12/1/2021 12:50:57 PM">
    <Number ServiceNumber="80" MessageNumber="30" />
    <Text FeedbackText="Project element: '\STD PLV\ProgramBlocksFolder\4 Index 4\1 FC\23 FC_Index4_Auto Sequence 2' - Checksum inconsistency for 'General'." />
    <Help HelpId="-1" />
  </MessageCell>
  <MessageCell ServiceId="80" MessageId="30" MessageClass="Warning" Timestamp="12/1/2021 12:50:57 PM">
    <Number ServiceNumber="80" MessageNumber="30" />
    <Text FeedbackText="Project element: '\STD PLV\ProgramBlocksFolder\OBs\IO access error' - Checksum inconsistency for 'General; Event'." />
    <Help HelpId="-1" />
  </MessageCell>
  <MessageCell ServiceId="80" MessageId="30" MessageClass="Warning" Timestamp="12/1/2021 12:50:57 PM">
    <Number ServiceNumber="80" MessageNumber="30" />
    <Text FeedbackText="Project element: '\STD PLV\ProgramBlocksFolder\Main' - Checksum inconsistency for 'General; Event'." />
    <Help HelpId="-1" />
  </MessageCell>
  <MessageCell ServiceId="80" MessageId="30" MessageClass="Warning" Timestamp="12/1/2021 12:50:57 PM">
    <Number ServiceNumber="80" MessageNumber="30" />
    <Text FeedbackText="Project element: '\STD PLV\ProgramBlocksFolder\Standard Blocks\2 FC\FC_ShiftCalculation' - Checksum inconsistency for 'General'." />
    <Help HelpId="-1" />
  </MessageCell>
  <MessageCell ServiceId="80" MessageId="30" MessageClass="Warning" Timestamp="12/1/2021 12:50:58 PM">
    <Number ServiceNumber="80" MessageNumber="30" />
    <Text FeedbackText="Project element: '\STD PLV\ProgramBlocksFolder\Standard Blocks\1 FB\1.7 Servos\Sinopas\FB_Sina Pos Servo Block' - Checksum inconsistency for 'General'." />
    <Help HelpId="-1" />
  </MessageCell>
  <MessageCell ServiceId="80" MessageId="30" MessageClass="Warning" Timestamp="12/1/2021 12:50:58 PM">
    <Number ServiceNumber="80" MessageNumber="30" />
    <Text FeedbackText="Project element: '\STD PLV\ProgramBlocksFolder\Standard Blocks\1 FB\1.7 Servos\Sinopas\SINA_PARA' - Checksum inconsistency for 'General'." />
    <Help HelpId="-1" />
  </MessageCell>
  <MessageCell ServiceId="80" MessageId="30" MessageClass="Warning" Timestamp="12/1/2021 12:50:58 PM">
    <Number ServiceNumber="80" MessageNumber="30" />
    <Text FeedbackText="Project element: '\STD PLV\ProgramBlocksFolder\Standard Blocks\1 FB\1.7 Servos\Sinopas\SINA_PARA_S' - Checksum inconsistency for 'General'." />
    <Help HelpId="-1" />
  </MessageCell>
  <MessageCell ServiceId="80" MessageId="30" MessageClass="Warning" Timestamp="12/1/2021 12:50:59 PM">
    <Number ServiceNumber="80" MessageNumber="30" />
    <Text FeedbackText="Project element: '\STD PLV\ProgramBlocksFolder\Standard Blocks\1 FB\1.7 Servos\Sinopas\SINA_POS' - Checksum inconsistency for 'General'." />
    <Help HelpId="-1" />
  </MessageCell>
  <MessageCell ServiceId="80" MessageId="30" MessageClass="Warning" Timestamp="12/1/2021 12:50:59 PM">
    <Number ServiceNumber="80" MessageNumber="30" />
    <Text FeedbackText="Project element: '\STD PLV\ProgramBlocksFolder\Standard Blocks\1 FB\1.7 Servos\Sinopas\SINA_SPEED' - Checksum inconsistency for 'General'." />
    <Help HelpId="-1" />
  </MessageCell>
  <MessageCell ServiceId="80" MessageId="30" MessageClass="Warning" Timestamp="12/1/2021 12:50:59 PM">
    <Number ServiceNumber="80" MessageNumber="30" />
    <Text FeedbackText="Project element: '\STD PLV\ProgramBlocksFolder\Bosch Servo\SFK_SerialNumberConverter' - Checksum inconsistency for 'General'." />
    <Help HelpId="-1" />
  </MessageCell>
  <MessageCell ServiceId="80" MessageId="30" MessageClass="Warning" Timestamp="12/1/2021 12:50:59 PM">
    <Number ServiceNumber="80" MessageNumber="30" />
    <Text FeedbackText="Project element: '\STD PLV\ProgramBlocksFolder\Bosch Servo\SFK_Command' - Checksum inconsistency for 'General'." />
    <Help HelpId="-1" />
  </MessageCell>
  <MessageCell ServiceId="80" MessageId="30" MessageClass="Warning" Timestamp="12/1/2021 12:50:59 PM">
    <Number ServiceNumber="80" MessageNumber="30" />
    <Text FeedbackText="Project element: '\STD PLV\ProgramBlocksFolder\1 Index 1\1 FC\02 FC_IO Mapping' - Checksum inconsistency for 'General'." />
    <Help HelpId="-1" />
  </MessageCell>
  <MessageCell ServiceId="80" MessageId="30" MessageClass="Warning" Timestamp="12/1/2021 12:50:59 PM">
    <Number ServiceNumber="80" MessageNumber="30" />
    <Text FeedbackText="Project element: '\STD PLV\ProgramBlocksFolder\Traceability\1 FC\01 FC_Traceability' - Checksum inconsistency for 'General'." />
    <Help HelpId="-1" />
  </MessageCell>
  <MessageCell ServiceId="80" MessageId="30" MessageClass="Warning" Timestamp="12/1/2021 12:50:59 PM">
    <Number ServiceNumber="80" MessageNumber="30" />
    <Text FeedbackText="Project element: '\STD PLV\ProgramBlocksFolder\Traceability\3 FB\FB_Insert' - Checksum inconsistency for 'General'." />
    <Help HelpId="-1" />
  </MessageCell>
  <MessageCell ServiceId="80" MessageId="30" MessageClass="Warning" Timestamp="12/1/2021 12:50:59 PM">
    <Number ServiceNumber="80" MessageNumber="30" />
    <Text FeedbackText="Project element: '\STD PLV\ProgramBlocksFolder\Bosch Servo\SFK_GetNotification' - Checksum inconsistency for 'General'." />
    <Help HelpId="-1" />
  </MessageCell>
  <MessageCell ServiceId="80" MessageId="30" MessageClass="Warning" Timestamp="12/1/2021 12:50:59 PM">
    <Number ServiceNumber="80" MessageNumber="30" />
    <Text FeedbackText="Project element: '\STD PLV\ProgramBlocksFolder\3 Index 3\1 FC\16 FC_Index3_Analog' - Checksum inconsistency for 'General'." />
    <Help HelpId="-1" />
  </MessageCell>
  <MessageCell ServiceId="80" MessageId="30" MessageClass="Warning" Timestamp="12/1/2021 12:50:59 PM">
    <Number ServiceNumber="80" MessageNumber="30" />
    <Text FeedbackText="Project element: '\STD PLV\ProgramBlocksFolder\3 Index 3\1 FC\11 FC_Index3_Servo' - Checksum inconsistency for 'General'." />
    <Help HelpId="-1" />
  </MessageCell>
  <MessageCell ServiceId="80" MessageId="30" MessageClass="Warning" Timestamp="12/1/2021 12:50:59 PM">
    <Number ServiceNumber="80" MessageNumber="30" />
    <Text FeedbackText="Project element: '\STD PLV\ProgramBlocksFolder\Standard Blocks\1 FB\1.1 Mode Selection\FB_ModeSelection_Simple' - Checksum inconsistency for 'General'." />
    <Help HelpId="-1" />
  </MessageCell>
  <MessageCell ServiceId="80" MessageId="30" MessageClass="Warning" Timestamp="12/1/2021 12:50:59 PM">
    <Number ServiceNumber="80" MessageNumber="30" />
    <Text FeedbackText="Project element: '\STD PLV\ProgramBlocksFolder\Standard Blocks\1 FB\1.4 Cylinders\FB_PneumaticCyl_2Pos' - Checksum inconsistency for 'General'." />
    <Help HelpId="-1" />
  </MessageCell>
  <MessageCell ServiceId="80" MessageId="30" MessageClass="Warning" Timestamp="12/1/2021 12:50:59 PM">
    <Number ServiceNumber="80" MessageNumber="30" />
    <Text FeedbackText="Project element: '\STD PLV\ProgramBlocksFolder\Standard Blocks\1 FB\1.3 Counter\FB_Counter' - Checksum inconsistency for 'General'." />
    <Help HelpId="-1" />
  </MessageCell>
  <MessageCell ServiceId="80" MessageId="30" MessageClass="Warning" Timestamp="12/1/2021 12:50:59 PM">
    <Number ServiceNumber="80" MessageNumber="30" />
    <Text FeedbackText="Project element: '\STD PLV\ProgramBlocksFolder\Standard Blocks\1 FB\1.8 Analog\FB_AnalogBlock' - Checksum inconsistency for 'General'." />
    <Help HelpId="-1" />
  </MessageCell>
  <MessageCell ServiceId="80" MessageId="30" MessageClass="Warning" Timestamp="12/1/2021 12:50:59 PM">
    <Number ServiceNumber="80" MessageNumber="30" />
    <Text FeedbackText="Project element: '\STD PLV\ProgramBlocksFolder\Standard Blocks\1 FB\1.10 Vision\FB_Cognex_Vision' - Checksum inconsistency for 'General'." />
    <Help HelpId="-1" />
  </MessageCell>
  <MessageCell ServiceId="80" MessageId="30" MessageClass="Warning" Timestamp="12/1/2021 12:50:59 PM">
    <Number ServiceNumber="80" MessageNumber="30" />
    <Text FeedbackText="Project element: '\STD PLV\ProgramBlocksFolder\Standard Blocks\1 FB\1.12 SCADA\FB_Andon' - Checksum inconsistency for 'General'." />
    <Help HelpId="-1" />
  </MessageCell>
  <MessageCell ServiceId="80" MessageId="30" MessageClass="Warning" Timestamp="12/1/2021 12:50:59 PM">
    <Number ServiceNumber="80" MessageNumber="30" />
    <Text FeedbackText="Project element: '\STD PLV\ProgramBlocksFolder\Standard Blocks\1 FB\1.12 SCADA\FB_Scada' - Checksum inconsistency for 'General'." />
    <Help HelpId="-1" />
  </MessageCell>
  <MessageCell ServiceId="80" MessageId="30" MessageClass="Warning" Timestamp="12/1/2021 12:50:59 PM">
    <Number ServiceNumber="80" MessageNumber="30" />
    <Text FeedbackText="Project element: '\STD PLV\ProgramBlocksFolder\Standard Blocks\1 FB\1.2 General\FB_TowerLamp' - Checksum inconsistency for 'General'." />
    <Help HelpId="-1" />
  </MessageCell>
  <MessageCell ServiceId="80" MessageId="30" MessageClass="Warning" Timestamp="12/1/2021 12:50:59 PM">
    <Number ServiceNumber="80" MessageNumber="30" />
    <Text FeedbackText="Project element: '\STD PLV\ProgramBlocksFolder\Standard Blocks\1 FB\1.2 General\FB_CycleTime_Every' - Checksum inconsistency for 'General'." />
    <Help HelpId="-1" />
  </MessageCell>
  <MessageCell ServiceId="80" MessageId="30" MessageClass="Warning" Timestamp="12/1/2021 12:50:59 PM">
    <Number ServiceNumber="80" MessageNumber="30" />
    <Text FeedbackText="Project element: '\STD PLV\ProgramBlocksFolder\Standard Blocks\1 FB\1.2 General\FB_StepFlow' - Checksum inconsistency for 'General'." />
    <Help HelpId="-1" />
  </MessageCell>
  <MessageCell ServiceId="80" MessageId="30" MessageClass="Warning" Timestamp="12/1/2021 12:51:00 PM">
    <Number ServiceNumber="80" MessageNumber="30" />
    <Text FeedbackText="Project element: '\STD PLV\ProgramBlocksFolder\Standard Blocks\1 FB\1.14 Index Table\FB_IndexTable' - Checksum inconsistency for 'General'." />
    <Help HelpId="-1" />
  </MessageCell>
  <MessageCell ServiceId="80" MessageId="30" MessageClass="Warning" Timestamp="12/1/2021 12:51:00 PM">
    <Number ServiceNumber="80" MessageNumber="30" />
    <Text FeedbackText="Project element: '\STD PLV\ProgramBlocksFolder\Standard Blocks\2 FC\FC_Timer' - Checksum inconsistency for 'General'." />
    <Help HelpId="-1" />
  </MessageCell>
  <MessageCell ServiceId="80" MessageId="30" MessageClass="Warning" Timestamp="12/1/2021 12:51:00 PM">
    <Number ServiceNumber="80" MessageNumber="30" />
    <Text FeedbackText="Project element: '\STD PLV\ProgramBlocksFolder\1 Index 1\1 FC\01 FC_Index1_Main' - Checksum inconsistency for 'General'." />
    <Help HelpId="-1" />
  </MessageCell>
  <MessageCell ServiceId="80" MessageId="30" MessageClass="Warning" Timestamp="12/1/2021 12:51:00 PM">
    <Number ServiceNumber="80" MessageNumber="30" />
    <Text FeedbackText="Project element: '\STD PLV\ProgramBlocksFolder\1 Index 1\1 FC\03 FC_Index1_General' - Checksum inconsistency for 'General'." />
    <Help HelpId="-1" />
  </MessageCell>
  <MessageCell ServiceId="80" MessageId="30" MessageClass="Warning" Timestamp="12/1/2021 12:51:00 PM">
    <Number ServiceNumber="80" MessageNumber="30" />
    <Text FeedbackText="Project element: '\STD PLV\ProgramBlocksFolder\1 Index 1\1 FC\06 FC_Index1_Factory Setting' - Checksum inconsistency for 'General'." />
    <Help HelpId="-1" />
  </MessageCell>
  <MessageCell ServiceId="80" MessageId="30" MessageClass="Warning" Timestamp="12/1/2021 12:51:00 PM">
    <Number ServiceNumber="80" MessageNumber="30" />
    <Text FeedbackText="Project element: '\STD PLV\ProgramBlocksFolder\1 Index 1\1 FC\12 FC_Index1_Vision' - Checksum inconsistency for 'General'." />
    <Help HelpId="-1" />
  </MessageCell>
  <MessageCell ServiceId="80" MessageId="30" MessageClass="Warning" Timestamp="12/1/2021 12:51:00 PM">
    <Number ServiceNumber="80" MessageNumber="30" />
    <Text FeedbackText="Project element: '\STD PLV\ProgramBlocksFolder\1 Index 1\1 FC\19 FC_Index Table' - Checksum inconsistency for 'General'." />
    <Help HelpId="-1" />
  </MessageCell>
  <MessageCell ServiceId="80" MessageId="30" MessageClass="Warning" Timestamp="12/1/2021 12:51:00 PM">
    <Number ServiceNumber="80" MessageNumber="30" />
    <Text FeedbackText="Project element: '\STD PLV\ProgramBlocksFolder\1 Index 1\1 FC\07 FC_Index1_Auto Sequence' - Checksum inconsistency for 'General'." />
    <Help HelpId="-1" />
  </MessageCell>
  <MessageCell ServiceId="80" MessageId="30" MessageClass="Warning" Timestamp="12/1/2021 12:51:00 PM">
    <Number ServiceNumber="80" MessageNumber="30" />
    <Text FeedbackText="Project element: '\STD PLV\ProgramBlocksFolder\1 Index 1\1 FC\08 FC_Index1_Server Read' - Checksum inconsistency for 'General'." />
    <Help HelpId="-1" />
  </MessageCell>
  <MessageCell ServiceId="80" MessageId="30" MessageClass="Warning" Timestamp="12/1/2021 12:51:00 PM">
    <Number ServiceNumber="80" MessageNumber="30" />
    <Text FeedbackText="Project element: '\STD PLV\ProgramBlocksFolder\2 Index 2\1 FC\01 FC_Index2_Main' - Checksum inconsistency for 'General'." />
    <Help HelpId="-1" />
  </MessageCell>
  <MessageCell ServiceId="80" MessageId="30" MessageClass="Warning" Timestamp="12/1/2021 12:51:00 PM">
    <Number ServiceNumber="80" MessageNumber="30" />
    <Text FeedbackText="Project element: '\STD PLV\ProgramBlocksFolder\2 Index 2\1 FC\03 FC_Index2_General' - Checksum inconsistency for 'General'." />
    <Help HelpId="-1" />
  </MessageCell>
  <MessageCell ServiceId="80" MessageId="30" MessageClass="Warning" Timestamp="12/1/2021 12:51:00 PM">
    <Number ServiceNumber="80" MessageNumber="30" />
    <Text FeedbackText="Project element: '\STD PLV\ProgramBlocksFolder\2 Index 2\1 FC\04 FC_Index2_Manual Sequence' - Checksum inconsistency for 'General'." />
    <Help HelpId="-1" />
  </MessageCell>
  <MessageCell ServiceId="80" MessageId="30" MessageClass="Warning" Timestamp="12/1/2021 12:51:00 PM">
    <Number ServiceNumber="80" MessageNumber="30" />
    <Text FeedbackText="Project element: '\STD PLV\ProgramBlocksFolder\2 Index 2\1 FC\05 FC_Index2_Homing Sequence' - Checksum inconsistency for 'General'." />
    <Help HelpId="-1" />
  </MessageCell>
  <MessageCell ServiceId="80" MessageId="30" MessageClass="Warning" Timestamp="12/1/2021 12:51:00 PM">
    <Number ServiceNumber="80" MessageNumber="30" />
    <Text FeedbackText="Project element: '\STD PLV\ProgramBlocksFolder\2 Index 2\1 FC\06 FC_Index2_Factory Setting' - Checksum inconsistency for 'General'." />
    <Help HelpId="-1" />
  </MessageCell>
  <MessageCell ServiceId="80" MessageId="30" MessageClass="Warning" Timestamp="12/1/2021 12:51:00 PM">
    <Number ServiceNumber="80" MessageNumber="30" />
    <Text FeedbackText="Project element: '\STD PLV\ProgramBlocksFolder\2 Index 2\1 FC\11 FC_Index2_Servo' - Checksum inconsistency for 'General'." />
    <Help HelpId="-1" />
  </MessageCell>
  <MessageCell ServiceId="80" MessageId="30" MessageClass="Warning" Timestamp="12/1/2021 12:51:00 PM">
    <Number ServiceNumber="80" MessageNumber="30" />
    <Text FeedbackText="Project element: '\STD PLV\ProgramBlocksFolder\2 Index 2\1 FC\12 FC_Index2_Vision' - Checksum inconsistency for 'General'." />
    <Help HelpId="-1" />
  </MessageCell>
  <MessageCell ServiceId="80" MessageId="30" MessageClass="Warning" Timestamp="12/1/2021 12:51:00 PM">
    <Number ServiceNumber="80" MessageNumber="30" />
    <Text FeedbackText="Project element: '\STD PLV\ProgramBlocksFolder\2 Index 2\1 FC\23 FC_Index2_Auto Sequence 2' - Checksum inconsistency for 'General'." />
    <Help HelpId="-1" />
  </MessageCell>
  <MessageCell ServiceId="80" MessageId="30" MessageClass="Warning" Timestamp="12/1/2021 12:51:00 PM">
    <Number ServiceNumber="80" MessageNumber="30" />
    <Text FeedbackText="Project element: '\STD PLV\ProgramBlocksFolder\2 Index 2\1 FC\24 FC_Index2_Auto Sequence 3' - Checksum inconsistency for 'General'." />
    <Help HelpId="-1" />
  </MessageCell>
  <MessageCell ServiceId="80" MessageId="30" MessageClass="Warning" Timestamp="12/1/2021 12:51:00 PM">
    <Number ServiceNumber="80" MessageNumber="30" />
    <Text FeedbackText="Project element: '\STD PLV\ProgramBlocksFolder\2 Index 2\1 FC\07 FC_Index2_Auto Sequence' - Checksum inconsistency for 'General'." />
    <Help HelpId="-1" />
  </MessageCell>
  <MessageCell ServiceId="80" MessageId="30" MessageClass="Warning" Timestamp="12/1/2021 12:51:00 PM">
    <Number ServiceNumber="80" MessageNumber="30" />
    <Text FeedbackText="Project element: '\STD PLV\ProgramBlocksFolder\2 Index 2\1 FC\08 FC_Index2_Server Read' - Checksum inconsistency for 'General'." />
    <Help HelpId="-1" />
  </MessageCell>
  <MessageCell ServiceId="80" MessageId="30" MessageClass="Warning" Timestamp="12/1/2021 12:51:00 PM">
    <Number ServiceNumber="80" MessageNumber="30" />
    <Text FeedbackText="Project element: '\STD PLV\ProgramBlocksFolder\3 Index 3\1 FC\01 FC_Index3_Main' - Checksum inconsistency for 'General'." />
    <Help HelpId="-1" />
  </MessageCell>
  <MessageCell ServiceId="80" MessageId="30" MessageClass="Warning" Timestamp="12/1/2021 12:51:00 PM">
    <Number ServiceNumber="80" MessageNumber="30" />
    <Text FeedbackText="Project element: '\STD PLV\ProgramBlocksFolder\3 Index 3\1 FC\03 FC_Index3_General' - Checksum inconsistency for 'General'." />
    <Help HelpId="-1" />
  </MessageCell>
  <MessageCell ServiceId="80" MessageId="30" MessageClass="Warning" Timestamp="12/1/2021 12:51:00 PM">
    <Number ServiceNumber="80" MessageNumber="30" />
    <Text FeedbackText="Project element: '\STD PLV\ProgramBlocksFolder\3 Index 3\1 FC\04 FC_Index3_Manual Sequence' - Checksum inconsistency for 'General'." />
    <Help HelpId="-1" />
  </MessageCell>
  <MessageCell ServiceId="80" MessageId="30" MessageClass="Warning" Timestamp="12/1/2021 12:51:01 PM">
    <Number ServiceNumber="80" MessageNumber="30" />
    <Text FeedbackText="Project element: '\STD PLV\ProgramBlocksFolder\3 Index 3\1 FC\05 FC_Index3_Homing Sequence' - Checksum inconsistency for 'General'." />
    <Help HelpId="-1" />
  </MessageCell>
  <MessageCell ServiceId="80" MessageId="30" MessageClass="Warning" Timestamp="12/1/2021 12:51:01 PM">
    <Number ServiceNumber="80" MessageNumber="30" />
    <Text FeedbackText="Project element: '\STD PLV\ProgramBlocksFolder\3 Index 3\1 FC\06 FC_Index3_Factory Setting' - Checksum inconsistency for 'General'." />
    <Help HelpId="-1" />
  </MessageCell>
  <MessageCell ServiceId="80" MessageId="30" MessageClass="Warning" Timestamp="12/1/2021 12:51:01 PM">
    <Number ServiceNumber="80" MessageNumber="30" />
    <Text FeedbackText="Project element: '\STD PLV\ProgramBlocksFolder\1 Index 1\2 DB\General\DB_Index1_Error' - Checksum inconsistency for 'General'." />
    <Help HelpId="-1" />
  </MessageCell>
  <MessageCell ServiceId="80" MessageId="30" MessageClass="Warning" Timestamp="12/1/2021 12:51:01 PM">
    <Number ServiceNumber="80" MessageNumber="30" />
    <Text FeedbackText="Project element: '\STD PLV\ProgramBlocksFolder\1 Index 1\2 DB\General\DB_Index1_General' - Checksum inconsistency for 'General'." />
    <Help HelpId="-1" />
  </MessageCell>
  <MessageCell ServiceId="80" MessageId="30" MessageClass="Warning" Timestamp="12/1/2021 12:51:01 PM">
    <Number ServiceNumber="80" MessageNumber="30" />
    <Text FeedbackText="Project element: '\STD PLV\ProgramBlocksFolder\1 Index 1\2 DB\General\DB_Input Mapping' - Checksum inconsistency for 'General'." />
    <Help HelpId="-1" />
  </MessageCell>
  <MessageCell ServiceId="80" MessageId="30" MessageClass="Warning" Timestamp="12/1/2021 12:51:01 PM">
    <Number ServiceNumber="80" MessageNumber="30" />
    <Text FeedbackText="Project element: '\STD PLV\ProgramBlocksFolder\1 Index 1\2 DB\General\DB_Output Mapping' - Checksum inconsistency for 'General'." />
    <Help HelpId="-1" />
  </MessageCell>
  <MessageCell ServiceId="80" MessageId="30" MessageClass="Warning" Timestamp="12/1/2021 12:51:01 PM">
    <Number ServiceNumber="80" MessageNumber="30" />
    <Text FeedbackText="Project element: '\STD PLV\ProgramBlocksFolder\1 Index 1\2 DB\General\DB_Index1_Warnings' - Checksum inconsistency for 'General'." />
    <Help HelpId="-1" />
  </MessageCell>
  <MessageCell ServiceId="80" MessageId="30" MessageClass="Warning" Timestamp="12/1/2021 12:51:01 PM">
    <Number ServiceNumber="80" MessageNumber="30" />
    <Text FeedbackText="Project element: '\STD PLV\ProgramBlocksFolder\1 Index 1\2 DB\General\DB_Index1_Recipe' - Checksum inconsistency for 'General'." />
    <Help HelpId="-1" />
  </MessageCell>
  <MessageCell ServiceId="80" MessageId="30" MessageClass="Warning" Timestamp="12/1/2021 12:51:01 PM">
    <Number ServiceNumber="80" MessageNumber="30" />
    <Text FeedbackText="Project element: '\STD PLV\ProgramBlocksFolder\1 Index 1\2 DB\General\DB_Index1_Result Data' - Checksum inconsistency for 'General'." />
    <Help HelpId="-1" />
  </MessageCell>
  <MessageCell ServiceId="80" MessageId="30" MessageClass="Warning" Timestamp="12/1/2021 12:51:01 PM">
    <Number ServiceNumber="80" MessageNumber="30" />
    <Text FeedbackText="Project element: '\STD PLV\ProgramBlocksFolder\1 Index 1\2 DB\General\DB_Index1_Timer' - Checksum inconsistency for 'General'." />
    <Help HelpId="-1" />
  </MessageCell>
  <MessageCell ServiceId="80" MessageId="30" MessageClass="Warning" Timestamp="12/1/2021 12:51:01 PM">
    <Number ServiceNumber="80" MessageNumber="30" />
    <Text FeedbackText="Project element: '\STD PLV\ProgramBlocksFolder\1 Index 1\2 DB\General\DB_Index1_ModeSelection' - Checksum inconsistency for 'General'." />
    <Help HelpId="-1" />
  </MessageCell>
  <MessageCell ServiceId="80" MessageId="30" MessageClass="Warning" Timestamp="12/1/2021 12:51:01 PM">
    <Number ServiceNumber="80" MessageNumber="30" />
    <Text FeedbackText="Project element: '\STD PLV\ProgramBlocksFolder\1 Index 1\2 DB\General\DB_Index1_TowerLamp' - Checksum inconsistency for 'General'." />
    <Help HelpId="-1" />
  </MessageCell>
  <MessageCell ServiceId="80" MessageId="30" MessageClass="Warning" Timestamp="12/1/2021 12:51:01 PM">
    <Number ServiceNumber="80" MessageNumber="30" />
    <Text FeedbackText="Project element: '\STD PLV\ProgramBlocksFolder\1 Index 1\2 DB\General\DB_Index1_Counter' - Checksum inconsistency for 'General'." />
    <Help HelpId="-1" />
  </MessageCell>
  <MessageCell ServiceId="80" MessageId="30" MessageClass="Warning" Timestamp="12/1/2021 12:51:01 PM">
    <Number ServiceNumber="80" MessageNumber="30" />
    <Text FeedbackText="Project element: '\STD PLV\ProgramBlocksFolder\1 Index 1\2 DB\General\DB_Index1_CycleTime' - Checksum inconsistency for 'General'." />
    <Help HelpId="-1" />
  </MessageCell>
  <MessageCell ServiceId="80" MessageId="30" MessageClass="Warning" Timestamp="12/1/2021 12:51:01 PM">
    <Number ServiceNumber="80" MessageNumber="30" />
    <Text FeedbackText="Project element: '\STD PLV\ProgramBlocksFolder\1 Index 1\2 DB\Others\DB_Index1_Scada_Read' - Checksum inconsistency for 'General'." />
    <Help HelpId="-1" />
  </MessageCell>
  <MessageCell ServiceId="80" MessageId="30" MessageClass="Warning" Timestamp="12/1/2021 12:51:01 PM">
    <Number ServiceNumber="80" MessageNumber="30" />
    <Text FeedbackText="Project element: '\STD PLV\ProgramBlocksFolder\1 Index 1\2 DB\Others\DB_Index1_Vision' - Checksum inconsistency for 'General'." />
    <Help HelpId="-1" />
  </MessageCell>
  <MessageCell ServiceId="80" MessageId="30" MessageClass="Warning" Timestamp="12/1/2021 12:51:01 PM">
    <Number ServiceNumber="80" MessageNumber="30" />
    <Text FeedbackText="Project element: '\STD PLV\ProgramBlocksFolder\1 Index 1\2 DB\Others\DB_IndexTable' - Checksum inconsistency for 'General'." />
    <Help HelpId="-1" />
  </MessageCell>
  <MessageCell ServiceId="80" MessageId="30" MessageClass="Warning" Timestamp="12/1/2021 12:51:01 PM">
    <Number ServiceNumber="80" MessageNumber="30" />
    <Text FeedbackText="Project element: '\STD PLV\ProgramBlocksFolder\1 Index 1\2 DB\StepFlow\DB_Index1_StepFlow1' - Checksum inconsistency for 'General'." />
    <Help HelpId="-1" />
  </MessageCell>
  <MessageCell ServiceId="80" MessageId="30" MessageClass="Warning" Timestamp="12/1/2021 12:51:01 PM">
    <Number ServiceNumber="80" MessageNumber="30" />
    <Text FeedbackText="Project element: '\STD PLV\ProgramBlocksFolder\2 Index 2\2 DB\Cylinder DB\DB_Index2_PP Vertical Cylinder' - Checksum inconsistency for 'General'." />
    <Help HelpId="-1" />
  </MessageCell>
  <MessageCell ServiceId="80" MessageId="30" MessageClass="Warning" Timestamp="12/1/2021 12:51:01 PM">
    <Number ServiceNumber="80" MessageNumber="30" />
    <Text FeedbackText="Project element: '\STD PLV\ProgramBlocksFolder\2 Index 2\2 DB\Cylinder DB\DB_Index2_PP Rotary Cylinder' - Checksum inconsistency for 'General'." />
    <Help HelpId="-1" />
  </MessageCell>
  <MessageCell ServiceId="80" MessageId="30" MessageClass="Warning" Timestamp="12/1/2021 12:51:01 PM">
    <Number ServiceNumber="80" MessageNumber="30" />
    <Text FeedbackText="Project element: '\STD PLV\ProgramBlocksFolder\2 Index 2\2 DB\Cylinder DB\DB_Index2_PP Body Rotary Cylinder' - Checksum inconsistency for 'General'." />
    <Help HelpId="-1" />
  </MessageCell>
  <MessageCell ServiceId="80" MessageId="30" MessageClass="Warning" Timestamp="12/1/2021 12:51:01 PM">
    <Number ServiceNumber="80" MessageNumber="30" />
    <Text FeedbackText="Project element: '\STD PLV\ProgramBlocksFolder\2 Index 2\2 DB\Cylinder DB\DB_Index2_PP Gripper Cylinder' - Checksum inconsistency for 'General'." />
    <Help HelpId="-1" />
  </MessageCell>
  <MessageCell ServiceId="80" MessageId="30" MessageClass="Warning" Timestamp="12/1/2021 12:51:01 PM">
    <Number ServiceNumber="80" MessageNumber="30" />
    <Text FeedbackText="Project element: '\STD PLV\ProgramBlocksFolder\2 Index 2\2 DB\Cylinder DB\DB_Index2_X Clamp Cylinder' - Checksum inconsistency for 'General'." />
    <Help HelpId="-1" />
  </MessageCell>
  <MessageCell ServiceId="80" MessageId="30" MessageClass="Warning" Timestamp="12/1/2021 12:51:01 PM">
    <Number ServiceNumber="80" MessageNumber="30" />
    <Text FeedbackText="Project element: '\STD PLV\ProgramBlocksFolder\2 Index 2\2 DB\Cylinder DB\DB_Index2_Y Clamp Cylinder' - Checksum inconsistency for 'General'." />
    <Help HelpId="-1" />
  </MessageCell>
  <MessageCell ServiceId="80" MessageId="30" MessageClass="Warning" Timestamp="12/1/2021 12:51:01 PM">
    <Number ServiceNumber="80" MessageNumber="30" />
    <Text FeedbackText="Project element: '\STD PLV\ProgramBlocksFolder\2 Index 2\2 DB\General\DB_Index2_Error' - Checksum inconsistency for 'General'." />
    <Help HelpId="-1" />
  </MessageCell>
  <MessageCell ServiceId="80" MessageId="30" MessageClass="Warning" Timestamp="12/1/2021 12:51:01 PM">
    <Number ServiceNumber="80" MessageNumber="30" />
    <Text FeedbackText="Project element: '\STD PLV\ProgramBlocksFolder\2 Index 2\2 DB\General\DB_Index2_General' - Checksum inconsistency for 'General'." />
    <Help HelpId="-1" />
  </MessageCell>
  <MessageCell ServiceId="80" MessageId="30" MessageClass="Warning" Timestamp="12/1/2021 12:51:01 PM">
    <Number ServiceNumber="80" MessageNumber="30" />
    <Text FeedbackText="Project element: '\STD PLV\ProgramBlocksFolder\2 Index 2\2 DB\General\DB_Index2_Warnings' - Checksum inconsistency for 'General'." />
    <Help HelpId="-1" />
  </MessageCell>
  <MessageCell ServiceId="80" MessageId="30" MessageClass="Warning" Timestamp="12/1/2021 12:51:01 PM">
    <Number ServiceNumber="80" MessageNumber="30" />
    <Text FeedbackText="Project element: '\STD PLV\ProgramBlocksFolder\2 Index 2\2 DB\General\DB_Index2_Recipe' - Checksum inconsistency for 'General'." />
    <Help HelpId="-1" />
  </MessageCell>
  <MessageCell ServiceId="80" MessageId="30" MessageClass="Warning" Timestamp="12/1/2021 12:51:01 PM">
    <Number ServiceNumber="80" MessageNumber="30" />
    <Text FeedbackText="Project element: '\STD PLV\ProgramBlocksFolder\2 Index 2\2 DB\General\DB_Index2_Result Data' - Checksum inconsistency for 'General'." />
    <Help HelpId="-1" />
  </MessageCell>
  <MessageCell ServiceId="80" MessageId="30" MessageClass="Warning" Timestamp="12/1/2021 12:51:01 PM">
    <Number ServiceNumber="80" MessageNumber="30" />
    <Text FeedbackText="Project element: '\STD PLV\ProgramBlocksFolder\2 Index 2\2 DB\General\DB_Index2_Timer' - Checksum inconsistency for 'General'." />
    <Help HelpId="-1" />
  </MessageCell>
  <MessageCell ServiceId="80" MessageId="30" MessageClass="Warning" Timestamp="12/1/2021 12:51:01 PM">
    <Number ServiceNumber="80" MessageNumber="30" />
    <Text FeedbackText="Project element: '\STD PLV\ProgramBlocksFolder\2 Index 2\2 DB\General\DB_Index2_ModeSelection' - Checksum inconsistency for 'General'." />
    <Help HelpId="-1" />
  </MessageCell>
  <MessageCell ServiceId="80" MessageId="30" MessageClass="Warning" Timestamp="12/1/2021 12:51:01 PM">
    <Number ServiceNumber="80" MessageNumber="30" />
    <Text FeedbackText="Project element: '\STD PLV\ProgramBlocksFolder\2 Index 2\2 DB\General\DB_Index2_Counter' - Checksum inconsistency for 'General'." />
    <Help HelpId="-1" />
  </MessageCell>
  <MessageCell ServiceId="80" MessageId="30" MessageClass="Warning" Timestamp="12/1/2021 12:51:01 PM">
    <Number ServiceNumber="80" MessageNumber="30" />
    <Text FeedbackText="Project element: '\STD PLV\ProgramBlocksFolder\2 Index 2\2 DB\General\DB_Index2_CycleTime' - Checksum inconsistency for 'General'." />
    <Help HelpId="-1" />
  </MessageCell>
  <MessageCell ServiceId="80" MessageId="30" MessageClass="Warning" Timestamp="12/1/2021 12:51:01 PM">
    <Number ServiceNumber="80" MessageNumber="30" />
    <Text FeedbackText="Project element: '\STD PLV\ProgramBlocksFolder\2 Index 2\2 DB\Others\DB_Index2_Scada_Read' - Checksum inconsistency for 'General'." />
    <Help HelpId="-1" />
  </MessageCell>
  <MessageCell ServiceId="80" MessageId="30" MessageClass="Warning" Timestamp="12/1/2021 12:51:01 PM">
    <Number ServiceNumber="80" MessageNumber="30" />
    <Text FeedbackText="Project element: '\STD PLV\ProgramBlocksFolder\2 Index 2\2 DB\Others\DB_Index2_Vision' - Checksum inconsistency for 'General'." />
    <Help HelpId="-1" />
  </MessageCell>
  <MessageCell ServiceId="80" MessageId="30" MessageClass="Warning" Timestamp="12/1/2021 12:51:01 PM">
    <Number ServiceNumber="80" MessageNumber="30" />
    <Text FeedbackText="Project element: '\STD PLV\ProgramBlocksFolder\2 Index 2\2 DB\StepFlow\DB_Index2_StepFlow1' - Checksum inconsistency for 'General'." />
    <Help HelpId="-1" />
  </MessageCell>
  <MessageCell ServiceId="80" MessageId="30" MessageClass="Warning" Timestamp="12/1/2021 12:51:01 PM">
    <Number ServiceNumber="80" MessageNumber="30" />
    <Text FeedbackText="Project element: '\STD PLV\ProgramBlocksFolder\2 Index 2\2 DB\StepFlow\DB_Index2_StepFlow2' - Checksum inconsistency for 'General'." />
    <Help HelpId="-1" />
  </MessageCell>
  <MessageCell ServiceId="80" MessageId="30" MessageClass="Warning" Timestamp="12/1/2021 12:51:01 PM">
    <Number ServiceNumber="80" MessageNumber="30" />
    <Text FeedbackText="Project element: '\STD PLV\ProgramBlocksFolder\2 Index 2\2 DB\StepFlow\DB_Index2_StepFlow3' - Checksum inconsistency for 'General'." />
    <Help HelpId="-1" />
  </MessageCell>
  <MessageCell ServiceId="80" MessageId="30" MessageClass="Warning" Timestamp="12/1/2021 12:51:01 PM">
    <Number ServiceNumber="80" MessageNumber="30" />
    <Text FeedbackText="Project element: '\STD PLV\ProgramBlocksFolder\3 Index 3\2 DB\Cylinder DB\DB_Index3_Piston PP X Cylinder' - Checksum inconsistency for 'General'." />
    <Help HelpId="-1" />
  </MessageCell>
  <MessageCell ServiceId="80" MessageId="30" MessageClass="Warning" Timestamp="12/1/2021 12:51:01 PM">
    <Number ServiceNumber="80" MessageNumber="30" />
    <Text FeedbackText="Project element: '\STD PLV\ProgramBlocksFolder\3 Index 3\2 DB\Cylinder DB\DB_Index3_Piston PP Y Cylinder' - Checksum inconsistency for 'General'." />
    <Help HelpId="-1" />
  </MessageCell>
  <MessageCell ServiceId="80" MessageId="30" MessageClass="Warning" Timestamp="12/1/2021 12:51:01 PM">
    <Number ServiceNumber="80" MessageNumber="30" />
    <Text FeedbackText="Project element: '\STD PLV\ProgramBlocksFolder\3 Index 3\2 DB\Cylinder DB\DB_Index3_Piston PP Z Cylinder' - Checksum inconsistency for 'General'." />
    <Help HelpId="-1" />
  </MessageCell>
  <MessageCell ServiceId="80" MessageId="30" MessageClass="Warning" Timestamp="12/1/2021 12:51:01 PM">
    <Number ServiceNumber="80" MessageNumber="30" />
    <Text FeedbackText="Project element: '\STD PLV\ProgramBlocksFolder\3 Index 3\2 DB\Cylinder DB\DB_Index3_Alignment Chuck Cylinder' - Checksum inconsistency for 'General'." />
    <Help HelpId="-1" />
  </MessageCell>
  <MessageCell ServiceId="80" MessageId="30" MessageClass="Warning" Timestamp="12/1/2021 12:51:01 PM">
    <Number ServiceNumber="80" MessageNumber="30" />
    <Text FeedbackText="Project element: '\STD PLV\ProgramBlocksFolder\3 Index 3\2 DB\Cylinder DB\DB_Index3_Vacuum Generator' - Checksum inconsistency for 'General'." />
    <Help HelpId="-1" />
  </MessageCell>
  <MessageCell ServiceId="80" MessageId="30" MessageClass="Warning" Timestamp="12/1/2021 12:51:01 PM">
    <Number ServiceNumber="80" MessageNumber="30" />
    <Text FeedbackText="Project element: '\STD PLV\ProgramBlocksFolder\3 Index 3\2 DB\General\DB_Index3_Error' - Checksum inconsistency for 'General'." />
    <Help HelpId="-1" />
  </MessageCell>
  <MessageCell ServiceId="80" MessageId="30" MessageClass="Warning" Timestamp="12/1/2021 12:51:01 PM">
    <Number ServiceNumber="80" MessageNumber="30" />
    <Text FeedbackText="Project element: '\STD PLV\ProgramBlocksFolder\3 Index 3\2 DB\General\DB_Index3_General' - Checksum inconsistency for 'General'." />
    <Help HelpId="-1" />
  </MessageCell>
  <MessageCell ServiceId="80" MessageId="30" MessageClass="Warning" Timestamp="12/1/2021 12:51:01 PM">
    <Number ServiceNumber="80" MessageNumber="30" />
    <Text FeedbackText="Project element: '\STD PLV\ProgramBlocksFolder\3 Index 3\2 DB\General\DB_Index3_Warnings' - Checksum inconsistency for 'General'." />
    <Help HelpId="-1" />
  </MessageCell>
  <MessageCell ServiceId="80" MessageId="30" MessageClass="Warning" Timestamp="12/1/2021 12:51:01 PM">
    <Number ServiceNumber="80" MessageNumber="30" />
    <Text FeedbackText="Project element: '\STD PLV\ProgramBlocksFolder\3 Index 3\2 DB\General\DB_Index3_Result Data' - Checksum inconsistency for 'General'." />
    <Help HelpId="-1" />
  </MessageCell>
  <MessageCell ServiceId="80" MessageId="30" MessageClass="Warning" Timestamp="12/1/2021 12:51:01 PM">
    <Number ServiceNumber="80" MessageNumber="30" />
    <Text FeedbackText="Project element: '\STD PLV\ProgramBlocksFolder\3 Index 3\2 DB\General\DB_Index3_Timer' - Checksum inconsistency for 'General'." />
    <Help HelpId="-1" />
  </MessageCell>
  <MessageCell ServiceId="80" MessageId="30" MessageClass="Warning" Timestamp="12/1/2021 12:51:01 PM">
    <Number ServiceNumber="80" MessageNumber="30" />
    <Text FeedbackText="Project element: '\STD PLV\ProgramBlocksFolder\3 Index 3\2 DB\General\DB_Index3_ModeSelection' - Checksum inconsistency for 'General'." />
    <Help HelpId="-1" />
  </MessageCell>
  <MessageCell ServiceId="80" MessageId="30" MessageClass="Warning" Timestamp="12/1/2021 12:51:01 PM">
    <Number ServiceNumber="80" MessageNumber="30" />
    <Text FeedbackText="Project element: '\STD PLV\ProgramBlocksFolder\3 Index 3\2 DB\General\DB_Index3_Counter' - Checksum inconsistency for 'General'." />
    <Help HelpId="-1" />
  </MessageCell>
  <MessageCell ServiceId="80" MessageId="30" MessageClass="Warning" Timestamp="12/1/2021 12:51:01 PM">
    <Number ServiceNumber="80" MessageNumber="30" />
    <Text FeedbackText="Project element: '\STD PLV\ProgramBlocksFolder\3 Index 3\2 DB\General\DB_Index3_CycleTime' - Checksum inconsistency for 'General'." />
    <Help HelpId="-1" />
  </MessageCell>
  <MessageCell ServiceId="80" MessageId="30" MessageClass="Warning" Timestamp="12/1/2021 12:51:01 PM">
    <Number ServiceNumber="80" MessageNumber="30" />
    <Text FeedbackText="Project element: '\STD PLV\ProgramBlocksFolder\3 Index 3\2 DB\Others\DB_Index3_AI_Name' - Checksum inconsistency for 'General'." />
    <Help HelpId="-1" />
  </MessageCell>
  <MessageCell ServiceId="80" MessageId="30" MessageClass="Warning" Timestamp="12/1/2021 12:51:01 PM">
    <Number ServiceNumber="80" MessageNumber="30" />
    <Text FeedbackText="Project element: '\STD PLV\ProgramBlocksFolder\3 Index 3\2 DB\Others\DB_Index3_AO_Name' - Checksum inconsistency for 'General'." />
    <Help HelpId="-1" />
  </MessageCell>
  <MessageCell ServiceId="80" MessageId="30" MessageClass="Warning" Timestamp="12/1/2021 12:51:01 PM">
    <Number ServiceNumber="80" MessageNumber="30" />
    <Text FeedbackText="Project element: '\STD PLV\ProgramBlocksFolder\3 Index 3\2 DB\StepFlow\DB_Index3_StepFlow1' - Checksum inconsistency for 'General'." />
    <Help HelpId="-1" />
  </MessageCell>
  <MessageCell ServiceId="80" MessageId="30" MessageClass="Warning" Timestamp="12/1/2021 12:51:01 PM">
    <Number ServiceNumber="80" MessageNumber="30" />
    <Text FeedbackText="Project element: '\STD PLV\ProgramBlocksFolder\3 Index 3\2 DB\StepFlow\DB_Index3_StepFlow2' - Checksum inconsistency for 'General'." />
    <Help HelpId="-1" />
  </MessageCell>
  <MessageCell ServiceId="80" MessageId="30" MessageClass="Warning" Timestamp="12/1/2021 12:51:01 PM">
    <Number ServiceNumber="80" MessageNumber="30" />
    <Text FeedbackText="Project element: '\STD PLV\ProgramBlocksFolder\4 Index 4\2 DB\Cylinder DB\DB_Index4_Seat PP X Cylinder' - Checksum inconsistency for 'General'." />
    <Help HelpId="-1" />
  </MessageCell>
  <MessageCell ServiceId="80" MessageId="30" MessageClass="Warning" Timestamp="12/1/2021 12:51:01 PM">
    <Number ServiceNumber="80" MessageNumber="30" />
    <Text FeedbackText="Project element: '\STD PLV\ProgramBlocksFolder\4 Index 4\2 DB\Cylinder DB\DB_Index4_Seat PP Z Cylinder' - Checksum inconsistency for 'General'." />
    <Help HelpId="-1" />
  </MessageCell>
  <MessageCell ServiceId="80" MessageId="30" MessageClass="Warning" Timestamp="12/1/2021 12:51:01 PM">
    <Number ServiceNumber="80" MessageNumber="30" />
    <Text FeedbackText="Project element: '\STD PLV\ProgramBlocksFolder\4 Index 4\2 DB\Cylinder DB\DB_Index4_Pre Load Cylinder' - Checksum inconsistency for 'General'." />
    <Help HelpId="-1" />
  </MessageCell>
  <MessageCell ServiceId="80" MessageId="30" MessageClass="Warning" Timestamp="12/1/2021 12:51:01 PM">
    <Number ServiceNumber="80" MessageNumber="30" />
    <Text FeedbackText="Project element: '\STD PLV\ProgramBlocksFolder\4 Index 4\2 DB\Cylinder DB\DB_Index4_Vacuum Generator' - Checksum inconsistency for 'General'." />
    <Help HelpId="-1" />
  </MessageCell>
  <MessageCell ServiceId="80" MessageId="30" MessageClass="Warning" Timestamp="12/1/2021 12:51:01 PM">
    <Number ServiceNumber="80" MessageNumber="30" />
    <Text FeedbackText="Project element: '\STD PLV\ProgramBlocksFolder\4 Index 4\2 DB\General\DB_Index4_Error' - Checksum inconsistency for 'General'." />
    <Help HelpId="-1" />
  </MessageCell>
  <MessageCell ServiceId="80" MessageId="30" MessageClass="Warning" Timestamp="12/1/2021 12:51:01 PM">
    <Number ServiceNumber="80" MessageNumber="30" />
    <Text FeedbackText="Project element: '\STD PLV\ProgramBlocksFolder\4 Index 4\2 DB\General\DB_Index4_General' - Checksum inconsistency for 'General'." />
    <Help HelpId="-1" />
  </MessageCell>
  <MessageCell ServiceId="80" MessageId="30" MessageClass="Warning" Timestamp="12/1/2021 12:51:01 PM">
    <Number ServiceNumber="80" MessageNumber="30" />
    <Text FeedbackText="Project element: '\STD PLV\ProgramBlocksFolder\4 Index 4\2 DB\General\DB_Index4_Warnings' - Checksum inconsistency for 'General'." />
    <Help HelpId="-1" />
  </MessageCell>
  <MessageCell ServiceId="80" MessageId="30" MessageClass="Warning" Timestamp="12/1/2021 12:51:01 PM">
    <Number ServiceNumber="80" MessageNumber="30" />
    <Text FeedbackText="Project element: '\STD PLV\ProgramBlocksFolder\4 Index 4\2 DB\General\DB_Index4_Result Data' - Checksum inconsistency for 'General'." />
    <Help HelpId="-1" />
  </MessageCell>
  <MessageCell ServiceId="80" MessageId="30" MessageClass="Warning" Timestamp="12/1/2021 12:51:01 PM">
    <Number ServiceNumber="80" MessageNumber="30" />
    <Text FeedbackText="Project element: '\STD PLV\ProgramBlocksFolder\4 Index 4\2 DB\General\DB_Index4_Timer' - Checksum inconsistency for 'General'." />
    <Help HelpId="-1" />
  </MessageCell>
  <MessageCell ServiceId="80" MessageId="30" MessageClass="Warning" Timestamp="12/1/2021 12:51:01 PM">
    <Number ServiceNumber="80" MessageNumber="30" />
    <Text FeedbackText="Project element: '\STD PLV\ProgramBlocksFolder\4 Index 4\2 DB\General\DB_Index4_ModeSelection' - Checksum inconsistency for 'General'." />
    <Help HelpId="-1" />
  </MessageCell>
  <MessageCell ServiceId="80" MessageId="30" MessageClass="Warning" Timestamp="12/1/2021 12:51:01 PM">
    <Number ServiceNumber="80" MessageNumber="30" />
    <Text FeedbackText="Project element: '\STD PLV\ProgramBlocksFolder\4 Index 4\2 DB\General\DB_Index4_Counter' - Checksum inconsistency for 'General'." />
    <Help HelpId="-1" />
  </MessageCell>
  <MessageCell ServiceId="80" MessageId="30" MessageClass="Warning" Timestamp="12/1/2021 12:51:01 PM">
    <Number ServiceNumber="80" MessageNumber="30" />
    <Text FeedbackText="Project element: '\STD PLV\ProgramBlocksFolder\4 Index 4\2 DB\General\DB_Index4_CycleTime' - Checksum inconsistency for 'General'." />
    <Help HelpId="-1" />
  </MessageCell>
  <MessageCell ServiceId="80" MessageId="30" MessageClass="Warning" Timestamp="12/1/2021 12:51:01 PM">
    <Number ServiceNumber="80" MessageNumber="30" />
    <Text FeedbackText="Project element: '\STD PLV\ProgramBlocksFolder\4 Index 4\2 DB\Others\DB_Index4_AI_Name' - Checksum inconsistency for 'General'." />
    <Help HelpId="-1" />
  </MessageCell>
  <MessageCell ServiceId="80" MessageId="30" MessageClass="Warning" Timestamp="12/1/2021 12:51:01 PM">
    <Number ServiceNumber="80" MessageNumber="30" />
    <Text FeedbackText="Project element: '\STD PLV\ProgramBlocksFolder\4 Index 4\2 DB\Others\DB_Index4_AO_Name' - Checksum inconsistency for 'General'." />
    <Help HelpId="-1" />
  </MessageCell>
  <MessageCell ServiceId="80" MessageId="30" MessageClass="Warning" Timestamp="12/1/2021 12:51:01 PM">
    <Number ServiceNumber="80" MessageNumber="30" />
    <Text FeedbackText="Project element: '\STD PLV\ProgramBlocksFolder\4 Index 4\2 DB\Others\DB_Index4_Scada_Write' - Checksum inconsistency for 'General'." />
    <Help HelpId="-1" />
  </MessageCell>
  <MessageCell ServiceId="80" MessageId="30" MessageClass="Warning" Timestamp="12/1/2021 12:51:01 PM">
    <Number ServiceNumber="80" MessageNumber="30" />
    <Text FeedbackText="Project element: '\STD PLV\ProgramBlocksFolder\4 Index 4\2 DB\StepFlow\DB_Index4_StepFlow1' - Checksum inconsistency for 'General'." />
    <Help HelpId="-1" />
  </MessageCell>
  <MessageCell ServiceId="80" MessageId="30" MessageClass="Warning" Timestamp="12/1/2021 12:51:01 PM">
    <Number ServiceNumber="80" MessageNumber="30" />
    <Text FeedbackText="Project element: '\STD PLV\ProgramBlocksFolder\4 Index 4\2 DB\StepFlow\DB_Index4_StepFlow2' - Checksum inconsistency for 'General'." />
    <Help HelpId="-1" />
  </MessageCell>
  <MessageCell ServiceId="80" MessageId="30" MessageClass="Warning" Timestamp="12/1/2021 12:51:01 PM">
    <Number ServiceNumber="80" MessageNumber="30" />
    <Text FeedbackText="Project element: '\STD PLV\ProgramBlocksFolder\Standard Blocks\3 DB\DB_Zenon_Data' - Checksum inconsistency for 'General'." />
    <Help HelpId="-1" />
  </MessageCell>
  <MessageCell ServiceId="80" MessageId="30" MessageClass="Warning" Timestamp="12/1/2021 12:51:01 PM">
    <Number ServiceNumber="80" MessageNumber="30" />
    <Text FeedbackText="Project element: '\STD PLV\ProgramBlocksFolder\Standard Blocks\3 DB\DB_Zenon_Handshake' - Checksum inconsistency for 'General'." />
    <Help HelpId="-1" />
  </MessageCell>
  <MessageCell ServiceId="80" MessageId="30" MessageClass="Warning" Timestamp="12/1/2021 12:51:01 PM">
    <Number ServiceNumber="80" MessageNumber="30" />
    <Text FeedbackText="Project element: '\STD PLV\ProgramBlocksFolder\Standard Blocks\3 DB\DB_ShiftCalculation' - Checksum inconsistency for 'General'." />
    <Help HelpId="-1" />
  </MessageCell>
  <MessageCell ServiceId="80" MessageId="30" MessageClass="Warning" Timestamp="12/1/2021 12:51:01 PM">
    <Number ServiceNumber="80" MessageNumber="30" />
    <Text FeedbackText="Project element: '\STD PLV\ProgramBlocksFolder\2 Index 2\2 DB\Servo\DB_Index2_X Measurement' - Checksum inconsistency for 'General'." />
    <Help HelpId="-1" />
  </MessageCell>
  <MessageCell ServiceId="80" MessageId="30" MessageClass="Warning" Timestamp="12/1/2021 12:51:01 PM">
    <Number ServiceNumber="80" MessageNumber="30" />
    <Text FeedbackText="Project element: '\STD PLV\ProgramBlocksFolder\2 Index 2\2 DB\Servo\DB_Index2_Y Measurement' - Checksum inconsistency for 'General'." />
    <Help HelpId="-1" />
  </MessageCell>
  <MessageCell ServiceId="80" MessageId="30" MessageClass="Warning" Timestamp="12/1/2021 12:51:01 PM">
    <Number ServiceNumber="80" MessageNumber="30" />
    <Text FeedbackText="Project element: '\STD PLV\ProgramBlocksFolder\Standard Blocks\3 DB\DB_DLK1' - Checksum inconsistency for 'General'." />
    <Help HelpId="-1" />
  </MessageCell>
  <MessageCell ServiceId="80" MessageId="30" MessageClass="Warning" Timestamp="12/1/2021 12:51:01 PM">
    <Number ServiceNumber="80" MessageNumber="30" />
    <Text FeedbackText="Project element: '\STD PLV\ProgramBlocksFolder\2 Index 2\2 DB\Cylinder DB\DB_Index2_Vacuum Generator' - Checksum inconsistency for 'General'." />
    <Help HelpId="-1" />
  </MessageCell>
  <MessageCell ServiceId="80" MessageId="30" MessageClass="Warning" Timestamp="12/1/2021 12:51:01 PM">
    <Number ServiceNumber="80" MessageNumber="30" />
    <Text FeedbackText="Project element: '\STD PLV\ProgramBlocksFolder\1 Index 1\2 DB\StepFlow\DB_OP10_StepFlow2' - Checksum inconsistency for 'General'." />
    <Help HelpId="-1" />
  </MessageCell>
  <MessageCell ServiceId="80" MessageId="30" MessageClass="Warning" Timestamp="12/1/2021 12:51:01 PM">
    <Number ServiceNumber="80" MessageNumber="30" />
    <Text FeedbackText="Project element: '\STD PLV\ProgramBlocksFolder\1 Index 1\2 DB\StepFlow\DB_OP10_StepFlow3' - Checksum inconsistency for 'General'." />
    <Help HelpId="-1" />
  </MessageCell>
  <MessageCell ServiceId="80" MessageId="30" MessageClass="Warning" Timestamp="12/1/2021 12:51:01 PM">
    <Number ServiceNumber="80" MessageNumber="30" />
    <Text FeedbackText="Project element: '\STD PLV\ProgramBlocksFolder\1 Index 1\2 DB\StepFlow\DB_OP10_StepFlow4' - Checksum inconsistency for 'General'." />
    <Help HelpId="-1" />
  </MessageCell>
  <MessageCell ServiceId="80" MessageId="30" MessageClass="Warning" Timestamp="12/1/2021 12:51:01 PM">
    <Number ServiceNumber="80" MessageNumber="30" />
    <Text FeedbackText="Project element: '\STD PLV\ProgramBlocksFolder\1 Index 1\2 DB\Others\DB_IndexData' - Checksum inconsistency for 'General'." />
    <Help HelpId="-1" />
  </MessageCell>
  <MessageCell ServiceId="80" MessageId="30" MessageClass="Warning" Timestamp="12/1/2021 12:51:01 PM">
    <Number ServiceNumber="80" MessageNumber="30" />
    <Text FeedbackText="Project element: '\STD PLV\ProgramBlocksFolder\3 Index 3\2 DB\General\DB_Index3_Recipe' - Checksum inconsistency for 'General'." />
    <Help HelpId="-1" />
  </MessageCell>
  <MessageCell ServiceId="80" MessageId="30" MessageClass="Warning" Timestamp="12/1/2021 12:51:01 PM">
    <Number ServiceNumber="80" MessageNumber="30" />
    <Text FeedbackText="Project element: '\STD PLV\ProgramBlocksFolder\4 Index 4\2 DB\General\DB_Index4_Recipe' - Checksum inconsistency for 'General'." />
    <Help HelpId="-1" />
  </MessageCell>
  <MessageCell ServiceId="80" MessageId="30" MessageClass="Warning" Timestamp="12/1/2021 12:51:01 PM">
    <Number ServiceNumber="80" MessageNumber="30" />
    <Text FeedbackText="Project element: '\STD PLV\ProgramBlocksFolder\2 Index 2\2 DB\StepFlow\DB_OP20_StepFlow4' - Checksum inconsistency for 'General'." />
    <Help HelpId="-1" />
  </MessageCell>
  <MessageCell ServiceId="80" MessageId="30" MessageClass="Warning" Timestamp="12/1/2021 12:51:01 PM">
    <Number ServiceNumber="80" MessageNumber="30" />
    <Text FeedbackText="Project element: '\STD PLV\ProgramBlocksFolder\Traceability\2 DB\DB_Data' - Checksum inconsistency for 'General'." />
    <Help HelpId="-1" />
  </MessageCell>
  <MessageCell ServiceId="80" MessageId="30" MessageClass="Warning" Timestamp="12/1/2021 12:51:01 PM">
    <Number ServiceNumber="80" MessageNumber="30" />
    <Text FeedbackText="Project element: '\STD PLV\ProgramBlocksFolder\Traceability\2 DB\DB_S1_Insert' - Checksum inconsistency for 'General'." />
    <Help HelpId="-1" />
  </MessageCell>
  <MessageCell ServiceId="80" MessageId="30" MessageClass="Warning" Timestamp="12/1/2021 12:51:01 PM">
    <Number ServiceNumber="80" MessageNumber="30" />
    <Text FeedbackText="Project element: '\STD PLV\ProgramBlocksFolder\Special Modes\DB_Special Modes' - Checksum inconsistency for 'General'." />
    <Help HelpId="-1" />
  </MessageCell>
  <MessageCell ServiceId="80" MessageId="30" MessageClass="Warning" Timestamp="12/1/2021 12:51:01 PM">
    <Number ServiceNumber="80" MessageNumber="30" />
    <Text FeedbackText="Project element: '\STD PLV\ProgramBlocksFolder\Bosch Servo\SFK_Command_DB' - Checksum inconsistency for 'General'." />
    <Help HelpId="-1" />
  </MessageCell>
  <MessageCell ServiceId="80" MessageId="30" MessageClass="Warning" Timestamp="12/1/2021 12:51:01 PM">
    <Number ServiceNumber="80" MessageNumber="30" />
    <Text FeedbackText="Project element: '\STD PLV\ProgramBlocksFolder\Bosch Servo\SFK_Global' - Checksum inconsistency for 'General'." />
    <Help HelpId="-1" />
  </MessageCell>
  <MessageCell ServiceId="80" MessageId="30" MessageClass="Warning" Timestamp="12/1/2021 12:51:01 PM">
    <Number ServiceNumber="80" MessageNumber="30" />
    <Text FeedbackText="Project element: '\STD PLV\ControllerDataTypeFolder\Bosch Servo\SFK_SerialNumber' - Checksum inconsistency for 'General'." />
    <Help HelpId="-1" />
  </MessageCell>
  <MessageCell ServiceId="80" MessageId="30" MessageClass="Warning" Timestamp="12/1/2021 12:51:01 PM">
    <Number ServiceNumber="80" MessageNumber="30" />
    <Text FeedbackText="Project element: '\STD PLV\ControllerDataTypeFolder\Recipe\Index1 Recipe' - Checksum inconsistency for 'General'." />
    <Help HelpId="-1" />
  </MessageCell>
  <MessageCell ServiceId="80" MessageId="30" MessageClass="Warning" Timestamp="12/1/2021 12:51:01 PM">
    <Number ServiceNumber="80" MessageNumber="30" />
    <Text FeedbackText="Project element: '\STD PLV\ControllerDataTypeFolder\Bosch Servo\SFK_OUT' - Checksum inconsistency for 'General'." />
    <Help HelpId="-1" />
  </MessageCell>
  <MessageCell ServiceId="80" MessageId="30" MessageClass="Warning" Timestamp="12/1/2021 12:51:01 PM">
    <Number ServiceNumber="80" MessageNumber="30" />
    <Text FeedbackText="Project element: '\STD PLV\ControllerDataTypeFolder\Bosch Servo\SFK_IN' - Checksum inconsistency for 'General'." />
    <Help HelpId="-1" />
  </MessageCell>
  <MessageCell ServiceId="80" MessageId="30" MessageClass="Warning" Timestamp="12/1/2021 12:51:01 PM">
    <Number ServiceNumber="80" MessageNumber="30" />
    <Text FeedbackText="Project element: '\STD PLV\ControllerDataTypeFolder\Bosch Servo\SFK_InNotification' - Checksum inconsistency for 'General'." />
    <Help HelpId="-1" />
  </MessageCell>
  <MessageCell ServiceId="80" MessageId="30" MessageClass="Warning" Timestamp="12/1/2021 12:51:01 PM">
    <Number ServiceNumber="80" MessageNumber="30" />
    <Text FeedbackText="Project element: '\STD PLV\ControllerDataTypeFolder\Index Data' - Checksum inconsistency for 'General'." />
    <Help HelpId="-1" />
  </MessageCell>
  <MessageCell ServiceId="80" MessageId="30" MessageClass="Warning" Timestamp="12/1/2021 12:51:01 PM">
    <Number ServiceNumber="80" MessageNumber="30" />
    <Text FeedbackText="Project element: '\STD PLV\ControllerDataTypeFolder\DLK\DLK_Config' - Checksum inconsistency for 'General'." />
    <Help HelpId="-1" />
  </MessageCell>
  <MessageCell ServiceId="80" MessageId="30" MessageClass="Warning" Timestamp="12/1/2021 12:51:01 PM">
    <Number ServiceNumber="80" MessageNumber="30" />
    <Text FeedbackText="Project element: '\STD PLV\ControllerDataTypeFolder\Standard UDT\Help-MES' - Checksum inconsistency for 'General'." />
    <Help HelpId="-1" />
  </MessageCell>
  <MessageCell ServiceId="80" MessageId="30" MessageClass="Warning" Timestamp="12/1/2021 12:51:01 PM">
    <Number ServiceNumber="80" MessageNumber="30" />
    <Text FeedbackText="Project element: '\STD PLV\ControllerDataTypeFolder\Standard UDT\OEE-MES' - Checksum inconsistency for 'General'." />
    <Help HelpId="-1" />
  </MessageCell>
  <MessageCell ServiceId="80" MessageId="30" MessageClass="Warning" Timestamp="12/1/2021 12:51:01 PM">
    <Number ServiceNumber="80" MessageNumber="30" />
    <Text FeedbackText="Project element: '\STD PLV\ControllerDataTypeFolder\Standard UDT\Request_Ack' - Checksum inconsistency for 'General'." />
    <Help HelpId="-1" />
  </MessageCell>
  <MessageCell ServiceId="80" MessageId="30" MessageClass="Warning" Timestamp="12/1/2021 12:51:01 PM">
    <Number ServiceNumber="80" MessageNumber="30" />
    <Text FeedbackText="Project element: '\STD PLV\ControllerDataTypeFolder\Standard UDT\Request_Status' - Checksum inconsistency for 'General'." />
    <Help HelpId="-1" />
  </MessageCell>
  <MessageCell ServiceId="80" MessageId="30" MessageClass="Warning" Timestamp="12/1/2021 12:51:01 PM">
    <Number ServiceNumber="80" MessageNumber="30" />
    <Text FeedbackText="Project element: '\STD PLV\ControllerDataTypeFolder\Recipe\Index2 Recipe' - Checksum inconsistency for 'General'." />
    <Help HelpId="-1" />
  </MessageCell>
  <MessageCell ServiceId="80" MessageId="30" MessageClass="Warning" Timestamp="12/1/2021 12:51:01 PM">
    <Number ServiceNumber="80" MessageNumber="30" />
    <Text FeedbackText="Project element: '\STD PLV\ControllerDataTypeFolder\Recipe\Index3 Recipe' - Checksum inconsistency for 'General'." />
    <Help HelpId="-1" />
  </MessageCell>
  <MessageCell ServiceId="80" MessageId="30" MessageClass="Warning" Timestamp="12/1/2021 12:51:01 PM">
    <Number ServiceNumber="80" MessageNumber="30" />
    <Text FeedbackText="Project element: '\STD PLV\ControllerDataTypeFolder\Recipe\Index4 Recipe' - Checksum inconsistency for 'General'." />
    <Help HelpId="-1" />
  </MessageCell>
  <MessageCell ServiceId="80" MessageId="30" MessageClass="Warning" Timestamp="12/1/2021 12:51:01 PM">
    <Number ServiceNumber="80" MessageNumber="30" />
    <Text FeedbackText="Project element: '\STD PLV\ControllerDataTypeFolder\RFID' - Checksum inconsistency for 'General'." />
    <Help HelpId="-1" />
  </MessageCell>
  <MessageCell ServiceId="80" MessageId="30" MessageClass="Warning" Timestamp="12/1/2021 12:51:01 PM">
    <Number ServiceNumber="80" MessageNumber="30" />
    <Text FeedbackText="Project element: '\STD PLV\ControllerDataTypeFolder\Traceability\Part Data' - Checksum inconsistency for 'General'." />
    <Help HelpId="-1" />
  </MessageCell>
  <MessageCell ServiceId="80" MessageId="30" MessageClass="Warning" Timestamp="12/1/2021 12:51:01 PM">
    <Number ServiceNumber="80" MessageNumber="30" />
    <Text FeedbackText="Project element: '\STD PLV\ControllerDataTypeFolder\DLK\DLK_Stn' - Checksum inconsistency for 'General'." />
    <Help HelpId="-1" />
  </MessageCell>
  <MessageCell ServiceId="80" MessageId="30" MessageClass="Information" Timestamp="12/1/2021 12:51:04 PM">
    <Number ServiceNumber="80" MessageNumber="30" />
    <Text FeedbackText="The cross-reference information is being converted." />
    <Help HelpId="-1" />
  </MessageCell>
  <MessageCell ServiceId="80" MessageId="30" MessageClass="Information" Timestamp="12/1/2021 12:51:05 PM">
    <Number ServiceNumber="80" MessageNumber="30" />
    <Text FeedbackText="The cross-reference information was created successfully." />
    <Help HelpId="-1" />
  </MessageCell>
  <MessageCell ServiceId="80" MessageId="30" MessageClass="Information" Timestamp="12/1/2021 12:51:05 PM">
    <Number ServiceNumber="80" MessageNumber="30" />
    <Text FeedbackText="Conversion of the cross-reference information is finished." />
    <Help HelpId="-1" />
  </MessageCell>
  <Details ServiceId="80" MessageId="30" Timestamp="12/1/2021 12:51:05 PM" Debug="false">
    <Text>Package container 'HW.ET200SP.SUBMODULES.ProfinetIO.Port.MDD_6ES7-155-6AU00-0CN0-Sub-Ports_RJ45_V2.0_14.0.0' was deleted</Text>
  </Details>
  <Details ServiceId="80" MessageId="30" Timestamp="12/1/2021 12:51:05 PM" Debug="false">
    <Text>Package container 'HW.ET200SP.SUBMODULES.ProfinetIO.Adapter.CuAdapter.MDD_6ES7-193-6AR00-0AA0-Sub-Adapter_14.0.0' was deleted</Text>
  </Details>
  <Details ServiceId="80" MessageId="30" Timestamp="12/1/2021 12:51:05 PM" Debug="false">
    <Text>Package container 'Siemens.Simatic.Lang.S7PSW.V15.0.0.0.NonMandatory' was deleted</Text>
  </Details>
  <Details ServiceId="80" MessageId="30" Timestamp="12/1/2021 12:51:05 PM" Debug="false">
    <Text>Package container 'HW.S71500.CPU.CPU_1517_3_PN+DP.MDD_6ES7_517_3AP00_0AB0_2.5_15.0.0' was deleted</Text>
  </Details>
  <MessageCell ServiceId="Automation-ObjectFrame-Feedbacks" MessageId="ConversionInfoTabProjectSucceeded" MessageClass="Success" Timestamp="12/1/2021 12:51:07 PM">
    <Number ServiceNumber="80" MessageNumber="34" />
    <Text FeedbackText="Project 'D:\PLC\Delphi - TVS\STD PLV\PLC\01122021\Std PLV_01122021_V1\System\PEData.plf' was successfully upgraded and saved as project 'D:\PLC\Delphi - TVS\STD PLV\PLC\01122021\Std PLV_01122021_V1_V16\System\PEData.plf'." />
    <Help HelpId="-1" HelpFile="" />
  </MessageCell>
  <MessageCell ServiceId="80" MessageId="30" MessageClass="Information" Timestamp="12/1/2021 12:51:07 PM">
    <Number ServiceNumber="80" MessageNumber="30" />
    <Text FeedbackText="FinalCheckRemainingErrors" />
    <Help HelpId="-1" />
  </MessageCell>
  <Details ServiceId="80" MessageId="30" Timestamp="12/1/2021 12:51:07 PM" Debug="false">
    <Text>No error is detected.</Text>
  </Details>
</LogFile>