<?xml version="1.0" encoding="UTF-8"?>
<ISO15745Profile xmlns:xsi="http://www.w3.org/2001/XMLSchema-instance" xmlns="http://www.profibus.com/GSDML/2003/11/DeviceProfile" xsi:schemaLocation="http://www.profibus.com/GSDML/2003/11/DeviceProfile ..\XSD\GSDML-DeviceProfile-V2.3.xsd"><ProfileHeader xmlns="http://www.profibus.com/GSDML/2003/11/DeviceProfile"><ProfileIdentification>PROFINET Device Profile</ProfileIdentification><ProfileRevision>1.00</ProfileRevision><ProfileName>Device Profile for PROFINET Devices</ProfileName><ProfileSource>PROFIBUS Nutzerorganisation e. V. (PNO)</ProfileSource><ProfileClassID>Device</ProfileClassID><ISO15745Reference><ISO15745Part>4</ISO15745Part><ISO15745Edition>1</ISO15745Edition><ProfileTechnology>GSDML</ProfileTechnology></ISO15745Reference></ProfileHeader><ProfileBody xmlns="http://www.profibus.com/GSDML/2003/11/DeviceProfile"><DeviceIdentity VendorID="0x002A" DeviceID="0x103"><InfoText TextId="EMPTY"/><VendorName Value="SIEMENS"/></DeviceIdentity><DeviceFunction><Family MainFamily="PLCs" ProductFamily="D410"/></DeviceFunction><ApplicationProcess><DeviceAccessPointList><DeviceAccessPointItem ID="IDD_1" PhysicalSlots="2" ModuleIdentNumber="0xa7c4" MinDeviceInterval="8" DNS_CompatibleName="unnamed" ExtendedAddressAssignmentSupported="true" FixedInSlots="2" ObjectUUID_LocalIndex="100" DeviceAccessSupported="true" RequiredSchemaVersion="V2.25" MultipleWriteSupported="true" SharedDeviceSupported="false" SharedInputSupported="false" NameOfStationNotTransferable="false" AddressAssignment="DCP" PNIO_Version="V2.3" LLDP_NoD_Supported="true" ResetToFactoryModes="2" MaxSupportedRecordSize="32768"><ModuleInfo><Name TextId="DAP_NAME_ID"/><InfoText TextId="EMPTY"/><VendorName Value="SIEMENS"/><OrderNumber Value="6AU1 410-2AD00-0AA0"/><SoftwareRelease Value="V4.5"/></ModuleInfo><SubslotList><SubslotItem SubslotNumber="34048" TextId="ID_NAME_X1"/><SubslotItem SubslotNumber="34049" TextId="ID_NAME_X1P1"/><SubslotItem SubslotNumber="34050" TextId="ID_NAME_X1P2"/></SubslotList><IOConfigData MaxInputLength="1440" MaxOutputLength="1440"/><VirtualSubmoduleList><VirtualSubmoduleItem ID="IDS_1" FixedInSubslots="1000" Writeable_IM_Records="1 2 3" SubmoduleIdentNumber="0x10000004"><IOData IOPS_Length="1" IOCS_Length="1"><Output Consistency="All items consistency"><DataItem DataType="OctetString" Length="4" UseAsBits="false" TextId="IDS_1_NAME"/></Output></IOData><ModuleInfo><Name TextId="IDS_1_NAME"/><InfoText TextId="EMPTY"/></ModuleInfo></VirtualSubmoduleItem><VirtualSubmoduleItem ID="IDS_2" FixedInSubslots="1001" SubmoduleIdentNumber="0x20000004"><IOData IOPS_Length="1" IOCS_Length="1"><Input Consistency="All items consistency"><DataItem DataType="OctetString" Length="4" UseAsBits="false" TextId="IDS_2_NAME"/></Input></IOData><ModuleInfo><Name TextId="IDS_2_NAME"/><InfoText TextId="EMPTY"/></ModuleInfo></VirtualSubmoduleItem><VirtualSubmoduleItem ID="IDS_3" FixedInSubslots="1002" SubmoduleIdentNumber="0x1000001c"><IOData IOPS_Length="1" IOCS_Length="1"><Output Consistency="All items consistency"><DataItem DataType="OctetString" Length="28" UseAsBits="false" TextId="IDS_3_NAME"/></Output></IOData><ModuleInfo><Name TextId="IDS_3_NAME"/><InfoText TextId="EMPTY"/></ModuleInfo></VirtualSubmoduleItem><VirtualSubmoduleItem ID="IDS_4" FixedInSubslots="1003" SubmoduleIdentNumber="0x2000001c"><IOData IOPS_Length="1" IOCS_Length="1"><Input Consistency="All items consistency"><DataItem DataType="OctetString" Length="28" UseAsBits="false" TextId="IDS_4_NAME"/></Input></IOData><ModuleInfo><Name TextId="IDS_4_NAME"/><InfoText TextId="EMPTY"/></ModuleInfo></VirtualSubmoduleItem></VirtualSubmoduleList><SystemDefinedSubmoduleList><InterfaceSubmoduleItem ID="ID_INTERFACE" SubmoduleIdentNumber="0x8002" SupportedMibs="MIB2" SupportedProtocols="SNMP;LLDP" TextId="ID_INTERFACE" DCP_BoundarySupported="true" PTP_BoundarySupported="true" SupportedRT_Classes="RT_CLASS_1;RT_CLASS_3" SubslotNumber="34048" NetworkComponentDiagnosisSupported="false"><RT_Class3Properties MaxBridgeDelay="2920" MaxNumberIR_FrameData="130" ForwardingMode="Absolute" StartupMode="Legacy;Advanced"/><SynchronisationMode SupportedSyncProtocols="PTCP" SupportedRole="SyncMaster+SyncSlave" MaxLocalJitter="50" T_PLL_MAX="1000"/><ApplicationRelations StartupMode="Advanced;Legacy" NumberOfAR="2"><TimingProperties SendClock="8 16 32 64 128" ReductionRatio="1 2 4 8 16 32 64 128 256 512" PreferredSendClock="32"/><RT_Class3TimingProperties SendClock="8 12 16 20 24 28 32 36 40 44 48 52 56 60 64 68 72 76 80 84 88 92 96 100 104 108 112 116 120 124 128" ReductionRatio="1 2 4 8 16" ReductionRatioNonPow2="1"/></ApplicationRelations><MediaRedundancy SupportedRole="Client" MRPD_Supported="true"/></InterfaceSubmoduleItem><PortSubmoduleItem ID="IDP_1" SubmoduleIdentNumber="0xc000" SubslotNumber="34049" TextId="IDP_1" MaxPortTxDelay="174" MaxPortRxDelay="417" PortDeactivationSupported="true" LinkStateDiagnosisCapability="Up" CheckMAUTypeSupported="true" MAUTypes="16" IsDefaultRingport="true"/><PortSubmoduleItem ID="IDP_2" SubmoduleIdentNumber="0xc000" SubslotNumber="34050" TextId="IDP_2" MaxPortTxDelay="174" MaxPortRxDelay="417" PortDeactivationSupported="true" LinkStateDiagnosisCapability="Up" CheckMAUTypeSupported="true" MAUTypes="16" IsDefaultRingport="true"/></SystemDefinedSubmoduleList><Graphics><GraphicItemRef Type="DeviceSymbol" GraphicItemTarget="ID_IDevice_Symbol"/></Graphics></DeviceAccessPointItem></DeviceAccessPointList><GraphicsList><GraphicItem ID="ID_IDevice_Symbol" GraphicFile="D4xx_n"/></GraphicsList><ExternalTextList><PrimaryLanguage><Text TextId="EMPTY" Value=""/><Text TextId="DAP_NAME_ID" Value="WEISS_EF2_PN05"/><Text TextId="ID_NAME_X1" Value="X150"/><Text TextId="ID_NAME_X1P1" Value="X150 P1 R"/><Text TextId="ID_NAME_X1P2" Value="X150 P2 R"/><Text TextId="IDS_1_NAME" Value="4O"/><Text TextId="IDS_2_NAME" Value="4I"/><Text TextId="IDS_3_NAME" Value="28O"/><Text TextId="IDS_4_NAME" Value="28I"/><Text TextId="ID_INTERFACE" Value="Interface"/><Text TextId="IDP_1" Value="Port 1"/><Text TextId="IDP_2" Value="Port 2"/></PrimaryLanguage><Language xml:lang="de"><Text TextId="EMPTY" Value=""/><Text TextId="DAP_NAME_ID" Value="WEISS_EF2_PN05"/><Text TextId="ID_NAME_X1" Value="X150"/><Text TextId="ID_NAME_X1P1" Value="X150 P1 R"/><Text TextId="ID_NAME_X1P2" Value="X150 P2 R"/><Text TextId="IDS_1_NAME" Value="4O"/><Text TextId="IDS_2_NAME" Value="4I"/><Text TextId="IDS_3_NAME" Value="28O"/><Text TextId="IDS_4_NAME" Value="28I"/><Text TextId="ID_INTERFACE" Value="Interface"/><Text TextId="IDP_1" Value="Port 1"/><Text TextId="IDP_2" Value="Port 2"/></Language><Language xml:lang="fr"><Text TextId="EMPTY" Value=""/><Text TextId="DAP_NAME_ID" Value="WEISS_EF2_PN05"/><Text TextId="ID_NAME_X1" Value="X150"/><Text TextId="ID_NAME_X1P1" Value="X150 P1 R"/><Text TextId="ID_NAME_X1P2" Value="X150 P2 R"/><Text TextId="IDS_1_NAME" Value="4O"/><Text TextId="IDS_2_NAME" Value="4I"/><Text TextId="IDS_3_NAME" Value="28O"/><Text TextId="IDS_4_NAME" Value="28I"/><Text TextId="ID_INTERFACE" Value="Interface"/><Text TextId="IDP_1" Value="Port 1"/><Text TextId="IDP_2" Value="Port 2"/></Language><Language xml:lang="es"><Text TextId="EMPTY" Value=""/><Text TextId="DAP_NAME_ID" Value="WEISS_EF2_PN05"/><Text TextId="ID_NAME_X1" Value="X150"/><Text TextId="ID_NAME_X1P1" Value="X150 P1 R"/><Text TextId="ID_NAME_X1P2" Value="X150 P2 R"/><Text TextId="IDS_1_NAME" Value="4O"/><Text TextId="IDS_2_NAME" Value="4I"/><Text TextId="IDS_3_NAME" Value="28O"/><Text TextId="IDS_4_NAME" Value="28I"/><Text TextId="ID_INTERFACE" Value="Interface"/><Text TextId="IDP_1" Value="Port 1"/><Text TextId="IDP_2" Value="Port 2"/></Language><Language xml:lang="it"><Text TextId="EMPTY" Value=""/><Text TextId="DAP_NAME_ID" Value="WEISS_EF2_PN05"/><Text TextId="ID_NAME_X1" Value="X150"/><Text TextId="ID_NAME_X1P1" Value="X150 P1 R"/><Text TextId="ID_NAME_X1P2" Value="X150 P2 R"/><Text TextId="IDS_1_NAME" Value="4O"/><Text TextId="IDS_2_NAME" Value="4I"/><Text TextId="IDS_3_NAME" Value="28O"/><Text TextId="IDS_4_NAME" Value="28I"/><Text TextId="ID_INTERFACE" Value="Interface"/><Text TextId="IDP_1" Value="Port 1"/><Text TextId="IDP_2" Value="Port 2"/></Language></ExternalTextList></ApplicationProcess></ProfileBody></ISO15745Profile>
