<?xml version="1.0" encoding="UTF-8"?>
<!--
/**************************************************************
File:             GSDML-V2.2-Jenny_Science-Xenax_Xvi75V8S.xml
Language:         en,de,es,fr,it
Project:          Xenax Xvi75V8S
Author:           Bucher Martin
Firmware Version:     V3.2.0
**************************************************************
Copyright(C) Jenny Science AG 2021 All Rights Reserved. Confidential
***************************************************************/
-->
<ISO15745Profile xmlns="http://www.profibus.com/GSDML/2003/11/DeviceProfile" xmlns:xsi="http://www.w3.org/2001/XMLSchema-instance" xsi:schemaLocation="http://www.profibus.com/GSDML/2003/11/DeviceProfile ..\xsd\GSDML-DeviceProfile-V2.25.xsd">
	<ProfileHeader>
		<ProfileIdentification>PROFINET Device Profile</ProfileIdentification>
		<ProfileRevision>1.00</ProfileRevision>
		<ProfileName>Device Profile for PROFINET Devices</ProfileName>
		<ProfileSource>PROFIBUS Nutzerorganisation e. V. (PNO)</ProfileSource>
		<ProfileClassID>Device</ProfileClassID>
		<ISO15745Reference>
			<ISO15745Part>4</ISO15745Part>
			<ISO15745Edition>1</ISO15745Edition>
			<ProfileTechnology>GSDML</ProfileTechnology>
		</ISO15745Reference>
	</ProfileHeader>
	<ProfileBody>
		<DeviceIdentity VendorID="0x0203" DeviceID="0x7509">
			<InfoText TextId="IDT_FamilyDescription"/>
			<VendorName Value="Jenny Science AG"/>
		</DeviceIdentity>
		<DeviceFunction>
			<Family MainFamily="Drives" ProductFamily="XENAX"/>
		</DeviceFunction>
		<ApplicationProcess>				
			<DeviceAccessPointList>				
				<DeviceAccessPointItem ID="DAP 1" PhysicalSlots="0..1" ModuleIdentNumber="0x00000001" MinDeviceInterval="32" DNS_CompatibleName="XENAX-Xvi75V8S" DeviceAccessSupported="true" FixedInSlots="0" ObjectUUID_LocalIndex="1" ImplementationType="ERTEC200" ExtendedAddressAssignmentSupported="true" RequiredSchemaVersion="V2.25" SharedDeviceSupported="false" SharedInputSupported="false">
					<ModuleInfo>
						<Name TextId="IDT_DAP_NAME_XENAX"/>
						<InfoText TextId="IDT_DAP_INFO_XENAX"/>						
						<VendorName Value="Jenny Science AG"/>
						<OrderNumber Value="110.19.00"/> <!-- Artikelnummer für XENAX PROFINET Busmodul -->
						<HardwareRelease Value="V1.0"/>
						<SoftwareRelease Value="V3.2.0"/>
					</ModuleInfo>
					<SubslotList>
						<SubslotItem SubslotNumber="32768" TextId="IDT_Subslot_Interface"/>
						<SubslotItem SubslotNumber="32769" TextId="IDT_Subslot_PORT1"/>
						<SubslotItem SubslotNumber="32770" TextId="IDT_Subslot_PORT2"/>						
					</SubslotList>
					<IOConfigData MaxInputLength="256" MaxOutputLength="256" />
					<UseableModules>
						<!--<ModuleItemRef ModuleItemTarget="IDM_EMPTY" AllowedInSlots="1"/>					
						<ModuleItemRef ModuleItemTarget="IDM_1" AllowedInSlots="1"/>
						<ModuleItemRef ModuleItemTarget="IDM_2" AllowedInSlots="1"/>
						<ModuleItemRef ModuleItemTarget="IDM_3" AllowedInSlots="1"/>
						<ModuleItemRef ModuleItemTarget="IDM_4" AllowedInSlots="1"/> -->
						<ModuleItemRef ModuleItemTarget="IDM_5" AllowedInSlots="1"/>
						<!-- <ModuleItemRef ModuleItemTarget="IDM_6" AllowedInSlots="1"/>
						<ModuleItemRef ModuleItemTarget="IDM_7" AllowedInSlots="1"/> -->
						<ModuleItemRef ModuleItemTarget="IDM_9" AllowedInSlots="1"/>
						<ModuleItemRef ModuleItemTarget="IDM_910" AllowedInSlots="1"/>
						<ModuleItemRef ModuleItemTarget="IDM_911" AllowedInSlots="1"/>						
					</UseableModules>
					<VirtualSubmoduleList>
						<VirtualSubmoduleItem ID="IDS_D1" SubmoduleIdentNumber="0x0001" API="0">
							<IOData IOPS_Length="1" IOCS_Length="1"/>
							<ModuleInfo>
								<Name TextId="IDT_DAP_NAME_XENAX"/>
								<InfoText TextId="IDT_DAP_INFO_XENAX"/>
							</ModuleInfo>
						</VirtualSubmoduleItem>
					</VirtualSubmoduleList>
					<SystemDefinedSubmoduleList>
						<InterfaceSubmoduleItem ID="IDS_IF" SubslotNumber="32768" SubmoduleIdentNumber="0x0002" IsochroneModeSupported="true" SupportedProtocols="SNMP;LLDP" SupportedMibs="MIB2" SupportedRT_Class="Class3" SupportedRT_Classes="RT_CLASS_1;RT_CLASS_2;RT_CLASS_3" TextId="IDT_ISM_CBE" >
							<RT_Class3Properties MaxBridgeDelay="2920" MaxNumberIR_FrameData="128"/>
							<SynchronisationMode SupportedRole="SyncSlave" MaxLocalJitter="50" T_PLL_MAX="1000" SupportedSyncProtocols="PTCP"/>
							<ApplicationRelations NumberOfAR="2" NumberOfAdditionalInputCR="0" NumberOfAdditionalMulticastProviderCR="0" NumberOfAdditionalOutputCR="0" NumberOfMulticastConsumerCR="0" PullModuleAlarmSupported="true">
								<TimingProperties SendClock="32 64 128" ReductionRatio="1 2 4 8 16 32 64 128 256 512"/>
								<RT_Class3TimingProperties SendClock="32 64 128" ReductionRatio="1 2 4 8 16"/>
							</ApplicationRelations>
						</InterfaceSubmoduleItem>
						<PortSubmoduleItem ID="IDS_P1" SubslotNumber="32769" MaxPortRxDelay="302" MaxPortTxDelay="108" PortDeactivationSupported="true" LinkStateDiagnosisCapability="Up+Down" TextId="IDT_PORT1" SubmoduleIdentNumber="0x00000003" SupportsRingportConfig="false" IsDefaultRingport="false"/>
						<PortSubmoduleItem ID="IDS_P2" SubslotNumber="32770" MaxPortRxDelay="302" MaxPortTxDelay="108" PortDeactivationSupported="true" LinkStateDiagnosisCapability="Up+Down" TextId="IDT_PORT2" SubmoduleIdentNumber="0x00000003" SupportsRingportConfig="false" IsDefaultRingport="false"/>						
					</SystemDefinedSubmoduleList>
					<Graphics>
						<GraphicItemRef Type="DeviceSymbol" GraphicItemTarget="IDGR_DEVICE"/>
					</Graphics>
				</DeviceAccessPointItem>
				<DeviceAccessPointItem ID="DAP 2" PhysicalSlots="0..1" ModuleIdentNumber="0x00000002" MinDeviceInterval="32" DNS_CompatibleName="XENAX-Xvi75V8S" DeviceAccessSupported="true" FixedInSlots="0" ObjectUUID_LocalIndex="1" ImplementationType="ERTEC200" ExtendedAddressAssignmentSupported="true" RequiredSchemaVersion="V2.25" SharedDeviceSupported="false" SharedInputSupported="false">
					<ModuleInfo>
						<Name TextId="IDT_DAP_MRP_NAME_XENAX"/>
						<InfoText TextId="IDT_DAP_MRP_INFO_XENAX"/>						
						<VendorName Value="Jenny Science AG"/>
						<OrderNumber Value="110.19.00"/> <!-- Artikelnummer für XENAX PROFINET Busmodul -->
						<HardwareRelease Value="V1.0"/>
						<SoftwareRelease Value="V3.2.0"/>
					</ModuleInfo>
					<SubslotList>
						<SubslotItem SubslotNumber="32768" TextId="IDT_Subslot_Interface"/>
						<SubslotItem SubslotNumber="32769" TextId="IDT_Subslot_PORT1"/>
						<SubslotItem SubslotNumber="32770" TextId="IDT_Subslot_PORT2"/>						
					</SubslotList>
					<IOConfigData MaxInputLength="256" MaxOutputLength="256" />
					<UseableModules>
						<!--<ModuleItemRef ModuleItemTarget="IDM_EMPTY" AllowedInSlots="1"/>					
						<ModuleItemRef ModuleItemTarget="IDM_1" AllowedInSlots="1"/>
						<ModuleItemRef ModuleItemTarget="IDM_2" AllowedInSlots="1"/>
						<ModuleItemRef ModuleItemTarget="IDM_3" AllowedInSlots="1"/>
						<ModuleItemRef ModuleItemTarget="IDM_4" AllowedInSlots="1"/> -->
						<ModuleItemRef ModuleItemTarget="IDM_5" AllowedInSlots="1"/>
						<!-- <ModuleItemRef ModuleItemTarget="IDM_6" AllowedInSlots="1"/>
						<ModuleItemRef ModuleItemTarget="IDM_7" AllowedInSlots="1"/> -->
						<ModuleItemRef ModuleItemTarget="IDM_9" AllowedInSlots="1"/>						
						<ModuleItemRef ModuleItemTarget="IDM_910" AllowedInSlots="1"/>
						<ModuleItemRef ModuleItemTarget="IDM_911" AllowedInSlots="1"/>
					</UseableModules>
					<VirtualSubmoduleList>
						<VirtualSubmoduleItem ID="IDS_D2_MRP" SubmoduleIdentNumber="0x0001" API="0">
							<IOData IOPS_Length="1" IOCS_Length="1"/>
							<ModuleInfo>
								<Name TextId="IDT_DAP_MRP_NAME_XENAX"/>
								<InfoText TextId="IDT_DAP_MRP_INFO_XENAX"/>
							</ModuleInfo>
						</VirtualSubmoduleItem>
					</VirtualSubmoduleList>
					<SystemDefinedSubmoduleList>
						<InterfaceSubmoduleItem ID="IDS_IF_MRP" SubslotNumber="32768" SubmoduleIdentNumber="0x0002" IsochroneModeSupported="true" SupportedProtocols="SNMP;LLDP" SupportedMibs="MIB2" SupportedRT_Class="Class3" SupportedRT_Classes="RT_CLASS_1;RT_CLASS_2;RT_CLASS_3" TextId="IDT_ISM_CBE" >
							<RT_Class3Properties MaxBridgeDelay="2920" MaxNumberIR_FrameData="128"/>
							<SynchronisationMode SupportedRole="SyncSlave" MaxLocalJitter="50" T_PLL_MAX="1000" SupportedSyncProtocols="PTCP"/>
							<ApplicationRelations NumberOfAR="2" NumberOfAdditionalInputCR="0" NumberOfAdditionalMulticastProviderCR="0" NumberOfAdditionalOutputCR="0" NumberOfMulticastConsumerCR="0" PullModuleAlarmSupported="true">
								<TimingProperties SendClock="32 64 128" ReductionRatio="1 2 4 8 16 32 64 128 256 512"/>
								<RT_Class3TimingProperties SendClock="32 64 128" ReductionRatio="1 2 4 8 16"/>
							</ApplicationRelations>
							<MediaRedundancy  SupportedRole="Client"/>
						</InterfaceSubmoduleItem>
						<PortSubmoduleItem ID="IDS_P1_MRP" SubslotNumber="32769" MaxPortRxDelay="302" MaxPortTxDelay="108" PortDeactivationSupported="true" LinkStateDiagnosisCapability="Up+Down" TextId="IDT_PORT1" SubmoduleIdentNumber="0x00000003" SupportsRingportConfig="false" IsDefaultRingport="true"/>
						<PortSubmoduleItem ID="IDS_P2_MRP" SubslotNumber="32770" MaxPortRxDelay="302" MaxPortTxDelay="108" PortDeactivationSupported="true" LinkStateDiagnosisCapability="Up+Down" TextId="IDT_PORT2" SubmoduleIdentNumber="0x00000003" SupportsRingportConfig="false" IsDefaultRingport="true"/>						
					</SystemDefinedSubmoduleList>
					<Graphics>
						<GraphicItemRef Type="DeviceSymbol" GraphicItemTarget="IDGR_DEVICE"/>
					</Graphics>
				</DeviceAccessPointItem>				
			</DeviceAccessPointList>			
			<ModuleList>
				<!-- DO without data -->
				<!-- <ModuleItem ID="IDM_EMPTY" ModuleIdentNumber="0x0000FFFF">
					<ModuleInfo>
						<Name TextId="IDT_MOD_NAME_EMPTY"/>
						<InfoText TextId="IDT_MOD_INFO_EMPTY"/>
					</ModuleInfo>
				<VirtualSubmoduleList>
				<VirtualSubmoduleItem ID="IDS_PAP_EMPTY" SubmoduleIdentNumber="0x0000FFFF" API="14848" FixedInSubslots="1">
					<IOData IOPS_Length="1" IOCS_Length="1"/>
					<ModuleInfo>
						<Name TextId="IDT_SM_NAME_PAP"/>
						<InfoText TextId="IDT_SM_INFO_PAP"/>
					</ModuleInfo>
				</VirtualSubmoduleItem>
				</VirtualSubmoduleList>
				</ModuleItem>			 -->
				<!-- DO with telegram 1 : 2/2 PZD -->
				<!-- <ModuleItem ID="IDM_1" ModuleIdentNumber="0x00000100">
					<ModuleInfo>
						<Name TextId="IDT_MOD_NAME_TEL1"/>
						<InfoText TextId="IDT_MOD_INFO_TEL1"/>
					</ModuleInfo>
				<VirtualSubmoduleList>
				<VirtualSubmoduleItem ID="IDS_PAP_1" SubmoduleIdentNumber="0x0000FFFF" API="14848" FixedInSubslots="1">
					<IOData IOPS_Length="1" IOCS_Length="1"/>
					<ModuleInfo>
						<Name TextId="IDT_SM_NAME_PAP"/>
						<InfoText TextId="IDT_SM_INFO_PAP"/>
					</ModuleInfo>
				</VirtualSubmoduleItem>
				<VirtualSubmoduleItem ID="IDS_1" SubmoduleIdentNumber="0x00000001" API="14848" FixedInSubslots="2">
					<IOData IOPS_Length="1" IOCS_Length="1">
						<Input Consistency="All items consistency">
							<DataItem DataType="Unsigned16" TextId="IDT_DATAITEM_ACTVAL"/>
							<DataItem DataType="Unsigned16" TextId="IDT_DATAITEM_ACTVAL"/>
						</Input>
						<Output Consistency="All items consistency">
							<DataItem DataType="Unsigned16" TextId="IDT_DATAITEM_REFVAL"/>
							<DataItem DataType="Unsigned16" TextId="IDT_DATAITEM_REFVAL"/>
						</Output>
					</IOData>
					<ModuleInfo>
						<Name TextId="IDT_SM_NAME_TEL1"/>
						<InfoText TextId="IDT_SM_INFO_TEL1"/>
					</ModuleInfo>
				</VirtualSubmoduleItem>
				</VirtualSubmoduleList>
				</ModuleItem> -->
				<!-- DO with telegram 2 : 4/4 PZD -->
				<!-- <ModuleItem ID="IDM_2" ModuleIdentNumber="0x00000100">
					<ModuleInfo>
						<Name TextId="IDT_MOD_NAME_TEL2"/>
						<InfoText TextId="IDT_MOD_INFO_TEL2"/>
					</ModuleInfo>
				<VirtualSubmoduleList>
				<VirtualSubmoduleItem ID="IDS_PAP_2" SubmoduleIdentNumber="0x0000FFFF" API="14848" FixedInSubslots="1">
					<IOData IOPS_Length="1" IOCS_Length="1"/>
					<ModuleInfo>
						<Name TextId="IDT_SM_NAME_PAP"/>
						<InfoText TextId="IDT_SM_INFO_PAP"/>
					</ModuleInfo>
				</VirtualSubmoduleItem>
				<VirtualSubmoduleItem ID="IDS_2" SubmoduleIdentNumber="0x00000002" API="14848" FixedInSubslots="2">
					<IOData IOPS_Length="1" IOCS_Length="1">
						<Input Consistency="All items consistency">
							<DataItem DataType="Unsigned16" TextId="IDT_DATAITEM_ACTVAL"/>
							<DataItem DataType="Unsigned16" TextId="IDT_DATAITEM_ACTVAL"/>
							<DataItem DataType="Unsigned16" TextId="IDT_DATAITEM_ACTVAL"/>
							<DataItem DataType="Unsigned16" TextId="IDT_DATAITEM_ACTVAL"/>
						</Input>
						<Output Consistency="All items consistency">
							<DataItem DataType="Unsigned16" TextId="IDT_DATAITEM_REFVAL"/>
							<DataItem DataType="Unsigned16" TextId="IDT_DATAITEM_REFVAL"/>
							<DataItem DataType="Unsigned16" TextId="IDT_DATAITEM_REFVAL"/>
							<DataItem DataType="Unsigned16" TextId="IDT_DATAITEM_REFVAL"/>
						</Output>
					</IOData>
					<ModuleInfo>
						<Name TextId="IDT_SM_NAME_TEL2"/>
						<InfoText TextId="IDT_SM_INFO_TEL2"/>
					</ModuleInfo>
					<IsochroneMode T_DC_Base="8" T_DC_Min="2" T_DC_Max="16" T_IO_Base="125000" T_IO_InputMin="3" T_IO_OutputMin="2"/>
				</VirtualSubmoduleItem>
				</VirtualSubmoduleList>
				</ModuleItem> -->
				<!-- DO with telegram 3 : 5/9 PZD -->
				<!-- <ModuleItem ID="IDM_3" ModuleIdentNumber="0x00000100">
					<ModuleInfo>
						<Name TextId="IDT_MOD_NAME_TEL3"/>
						<InfoText TextId="IDT_MOD_INFO_TEL3"/>
					</ModuleInfo>
				<VirtualSubmoduleList>
				<VirtualSubmoduleItem ID="IDS_PAP_3" SubmoduleIdentNumber="0x0000FFFF" API="14848" FixedInSubslots="1">
					<IOData IOPS_Length="1" IOCS_Length="1"/>
					<ModuleInfo>
						<Name TextId="IDT_SM_NAME_PAP"/>
						<InfoText TextId="IDT_SM_INFO_PAP"/>
					</ModuleInfo>
				</VirtualSubmoduleItem>
				<VirtualSubmoduleItem ID="IDS_3" SubmoduleIdentNumber="0x00000003" API="14848" FixedInSubslots="2">
					<IOData IOPS_Length="1" IOCS_Length="1">
						<Input Consistency="All items consistency">
							<DataItem DataType="Unsigned16" TextId="IDT_DATAITEM_ACTVAL"/>
							<DataItem DataType="Unsigned16" TextId="IDT_DATAITEM_ACTVAL"/>
							<DataItem DataType="Unsigned16" TextId="IDT_DATAITEM_ACTVAL"/>
							<DataItem DataType="Unsigned16" TextId="IDT_DATAITEM_ACTVAL"/>
							<DataItem DataType="Unsigned16" TextId="IDT_DATAITEM_ACTVAL"/>
							<DataItem DataType="Unsigned16" TextId="IDT_DATAITEM_ACTVAL"/>
							<DataItem DataType="Unsigned16" TextId="IDT_DATAITEM_ACTVAL"/>
							<DataItem DataType="Unsigned16" TextId="IDT_DATAITEM_ACTVAL"/>
							<DataItem DataType="Unsigned16" TextId="IDT_DATAITEM_ACTVAL"/>
						</Input>
						<Output Consistency="All items consistency">
							<DataItem DataType="Unsigned16" TextId="IDT_DATAITEM_REFVAL"/>
							<DataItem DataType="Unsigned16" TextId="IDT_DATAITEM_REFVAL"/>
							<DataItem DataType="Unsigned16" TextId="IDT_DATAITEM_REFVAL"/>
							<DataItem DataType="Unsigned16" TextId="IDT_DATAITEM_REFVAL"/>
							<DataItem DataType="Unsigned16" TextId="IDT_DATAITEM_REFVAL"/>
						</Output>
					</IOData>
					<ModuleInfo>
						<Name TextId="IDT_SM_NAME_TEL3"/>
						<InfoText TextId="IDT_SM_INFO_TEL3"/>
					</ModuleInfo>
					<IsochroneMode T_DC_Base="8" T_DC_Min="2" T_DC_Max="16" T_IO_Base="125000" T_IO_InputMin="3" T_IO_OutputMin="2"/>
				</VirtualSubmoduleItem>
				</VirtualSubmoduleList>
				</ModuleItem> -->
				<!-- DO with telegram 4 : 6/14 PZD -->
				<!-- <ModuleItem ID="IDM_4" ModuleIdentNumber="0x00000100">
					<ModuleInfo>
						<Name TextId="IDT_MOD_NAME_TEL4"/>
						<InfoText TextId="IDT_MOD_INFO_TEL4"/>
					</ModuleInfo>
				<VirtualSubmoduleList>
				<VirtualSubmoduleItem ID="IDS_PAP_4" SubmoduleIdentNumber="0x0000FFFF" API="14848" FixedInSubslots="1">
					<IOData IOPS_Length="1" IOCS_Length="1"/>
					<ModuleInfo>
						<Name TextId="IDT_SM_NAME_PAP"/>
						<InfoText TextId="IDT_SM_INFO_PAP"/>
					</ModuleInfo>
				</VirtualSubmoduleItem>
				<VirtualSubmoduleItem ID="IDS_4" SubmoduleIdentNumber="0x00000004" API="14848" FixedInSubslots="2">
					<IOData IOPS_Length="1" IOCS_Length="1">
						<Input Consistency="All items consistency">
							<DataItem DataType="Unsigned16" TextId="IDT_DATAITEM_ACTVAL"/>
							<DataItem DataType="Unsigned16" TextId="IDT_DATAITEM_ACTVAL"/>
							<DataItem DataType="Unsigned16" TextId="IDT_DATAITEM_ACTVAL"/>
							<DataItem DataType="Unsigned16" TextId="IDT_DATAITEM_ACTVAL"/>
							<DataItem DataType="Unsigned16" TextId="IDT_DATAITEM_ACTVAL"/>
							<DataItem DataType="Unsigned16" TextId="IDT_DATAITEM_ACTVAL"/>
							<DataItem DataType="Unsigned16" TextId="IDT_DATAITEM_ACTVAL"/>
							<DataItem DataType="Unsigned16" TextId="IDT_DATAITEM_ACTVAL"/>
							<DataItem DataType="Unsigned16" TextId="IDT_DATAITEM_ACTVAL"/>
							<DataItem DataType="Unsigned16" TextId="IDT_DATAITEM_ACTVAL"/>
							<DataItem DataType="Unsigned16" TextId="IDT_DATAITEM_ACTVAL"/>
							<DataItem DataType="Unsigned16" TextId="IDT_DATAITEM_ACTVAL"/>
							<DataItem DataType="Unsigned16" TextId="IDT_DATAITEM_ACTVAL"/>
							<DataItem DataType="Unsigned16" TextId="IDT_DATAITEM_ACTVAL"/>
						</Input>
						<Output Consistency="All items consistency">
							<DataItem DataType="Unsigned16" TextId="IDT_DATAITEM_REFVAL"/>
							<DataItem DataType="Unsigned16" TextId="IDT_DATAITEM_REFVAL"/>
							<DataItem DataType="Unsigned16" TextId="IDT_DATAITEM_REFVAL"/>
							<DataItem DataType="Unsigned16" TextId="IDT_DATAITEM_REFVAL"/>
							<DataItem DataType="Unsigned16" TextId="IDT_DATAITEM_REFVAL"/>
							<DataItem DataType="Unsigned16" TextId="IDT_DATAITEM_REFVAL"/>
						</Output>
					</IOData>
					<ModuleInfo>
						<Name TextId="IDT_SM_NAME_TEL4"/>
						<InfoText TextId="IDT_SM_INFO_TEL4"/>
					</ModuleInfo>
					<IsochroneMode T_DC_Base="8" T_DC_Min="2" T_DC_Max="16" T_IO_Base="125000" T_IO_InputMin="3" T_IO_OutputMin="2"/>
				</VirtualSubmoduleItem>
				</VirtualSubmoduleList>
				</ModuleItem> -->
				<!-- DO with telegram 5 : 9/9 PZD -->
				<ModuleItem ID="IDM_5" ModuleIdentNumber="0x00000105" PhysicalSubslots="3">
					<ModuleInfo>
						<Name TextId="IDT_MOD_NAME_TEL5"/>
						<InfoText TextId="IDT_MOD_INFO_TEL5"/>
					</ModuleInfo>					
				<VirtualSubmoduleList>
				<VirtualSubmoduleItem ID="IDS_PAP_5" SubmoduleIdentNumber="0x0000FFFF" API="14848" FixedInSubslots="1">
					<IOData IOPS_Length="1" IOCS_Length="1"/>
					<ModuleInfo>
						<Name TextId="IDT_SM_NAME_PAP"/>
						<InfoText TextId="IDT_SM_INFO_PAP"/>
					</ModuleInfo>
				</VirtualSubmoduleItem>
				<VirtualSubmoduleItem ID="IDS_5" SubmoduleIdentNumber="0x00000005" API="14848" FixedInSubslots="2"> 
					<IOData IOPS_Length="1" IOCS_Length="1">
						<Input Consistency="All items consistency">
							<DataItem DataType="Unsigned16" TextId="IDT_DATAITEM_ACTVAL"/>
							<DataItem DataType="Unsigned16" TextId="IDT_DATAITEM_ACTVAL"/>
							<DataItem DataType="Unsigned16" TextId="IDT_DATAITEM_ACTVAL"/>
							<DataItem DataType="Unsigned16" TextId="IDT_DATAITEM_ACTVAL"/>
							<DataItem DataType="Unsigned16" TextId="IDT_DATAITEM_ACTVAL"/>
							<DataItem DataType="Unsigned16" TextId="IDT_DATAITEM_ACTVAL"/>
							<DataItem DataType="Unsigned16" TextId="IDT_DATAITEM_ACTVAL"/>
							<DataItem DataType="Unsigned16" TextId="IDT_DATAITEM_ACTVAL"/>
							<DataItem DataType="Unsigned16" TextId="IDT_DATAITEM_ACTVAL"/>
						</Input>
						<Output Consistency="All items consistency">
							<DataItem DataType="Unsigned16" TextId="IDT_DATAITEM_REFVAL"/>
							<DataItem DataType="Unsigned16" TextId="IDT_DATAITEM_REFVAL"/>
							<DataItem DataType="Unsigned16" TextId="IDT_DATAITEM_REFVAL"/>
							<DataItem DataType="Unsigned16" TextId="IDT_DATAITEM_REFVAL"/>
							<DataItem DataType="Unsigned16" TextId="IDT_DATAITEM_REFVAL"/>
							<DataItem DataType="Unsigned16" TextId="IDT_DATAITEM_REFVAL"/>
							<DataItem DataType="Unsigned16" TextId="IDT_DATAITEM_REFVAL"/>
							<DataItem DataType="Unsigned16" TextId="IDT_DATAITEM_REFVAL"/>
							<DataItem DataType="Unsigned16" TextId="IDT_DATAITEM_REFVAL"/>
						</Output>
					</IOData> 
					<ModuleInfo>
						<Name TextId="IDT_SM_NAME_TEL5"/>
						<InfoText TextId="IDT_SM_INFO_TEL5"/>
					</ModuleInfo>
					<IsochroneMode T_DC_Base="8" T_DC_Min="4" T_DC_Max="16" T_IO_Base="125000" T_IO_InputMin="3" T_IO_OutputMin="2" IsochroneModeRequired="true"/>
				</VirtualSubmoduleItem>
				</VirtualSubmoduleList>
				<UseableSubmodules>
						<SubmoduleItemRef SubmoduleItemTarget="IDS_ADD_1" AllowedInSubslots="3"/>
						<SubmoduleItemRef SubmoduleItemTarget="IDS_ADD_2" AllowedInSubslots="3"/>
						<SubmoduleItemRef SubmoduleItemTarget="IDS_ADD_3" AllowedInSubslots="3"/>
						<SubmoduleItemRef SubmoduleItemTarget="IDS_ADD_4" AllowedInSubslots="3"/>
						<SubmoduleItemRef SubmoduleItemTarget="IDS_ADD_5" AllowedInSubslots="3"/>
				</UseableSubmodules>
				</ModuleItem>
				<!-- DO with telegram 6 : 10/14 PZD -->
				<!-- <ModuleItem ID="IDM_6" ModuleIdentNumber="0x00000100">
					<ModuleInfo>
						<Name TextId="IDT_MOD_NAME_TEL6"/>
						<InfoText TextId="IDT_MOD_INFO_TEL6"/>
					</ModuleInfo>
				<VirtualSubmoduleList>
				<VirtualSubmoduleItem ID="IDS_PAP_6" SubmoduleIdentNumber="0x0000FFFF" API="14848" FixedInSubslots="1">
					<IOData IOPS_Length="1" IOCS_Length="1"/>
					<ModuleInfo>
						<Name TextId="IDT_SM_NAME_PAP"/>
						<InfoText TextId="IDT_SM_INFO_PAP"/>
					</ModuleInfo>
				</VirtualSubmoduleItem>
				<VirtualSubmoduleItem ID="IDS_6" SubmoduleIdentNumber="0x00000006" API="14848" FixedInSubslots="2">
					<IOData IOPS_Length="1" IOCS_Length="1">
						<Input Consistency="All items consistency">
							<DataItem DataType="Unsigned16" TextId="IDT_DATAITEM_ACTVAL"/>
							<DataItem DataType="Unsigned16" TextId="IDT_DATAITEM_ACTVAL"/>
							<DataItem DataType="Unsigned16" TextId="IDT_DATAITEM_ACTVAL"/>
							<DataItem DataType="Unsigned16" TextId="IDT_DATAITEM_ACTVAL"/>
							<DataItem DataType="Unsigned16" TextId="IDT_DATAITEM_ACTVAL"/>
							<DataItem DataType="Unsigned16" TextId="IDT_DATAITEM_ACTVAL"/>
							<DataItem DataType="Unsigned16" TextId="IDT_DATAITEM_ACTVAL"/>
							<DataItem DataType="Unsigned16" TextId="IDT_DATAITEM_ACTVAL"/>
							<DataItem DataType="Unsigned16" TextId="IDT_DATAITEM_ACTVAL"/>
							<DataItem DataType="Unsigned16" TextId="IDT_DATAITEM_ACTVAL"/>
							<DataItem DataType="Unsigned16" TextId="IDT_DATAITEM_ACTVAL"/>
							<DataItem DataType="Unsigned16" TextId="IDT_DATAITEM_ACTVAL"/>
							<DataItem DataType="Unsigned16" TextId="IDT_DATAITEM_ACTVAL"/>
							<DataItem DataType="Unsigned16" TextId="IDT_DATAITEM_ACTVAL"/>
						</Input>
						<Output Consistency="All items consistency">
							<DataItem DataType="Unsigned16" TextId="IDT_DATAITEM_REFVAL"/>
							<DataItem DataType="Unsigned16" TextId="IDT_DATAITEM_REFVAL"/>
							<DataItem DataType="Unsigned16" TextId="IDT_DATAITEM_REFVAL"/>
							<DataItem DataType="Unsigned16" TextId="IDT_DATAITEM_REFVAL"/>
							<DataItem DataType="Unsigned16" TextId="IDT_DATAITEM_REFVAL"/>
							<DataItem DataType="Unsigned16" TextId="IDT_DATAITEM_REFVAL"/>
							<DataItem DataType="Unsigned16" TextId="IDT_DATAITEM_REFVAL"/>
							<DataItem DataType="Unsigned16" TextId="IDT_DATAITEM_REFVAL"/>
							<DataItem DataType="Unsigned16" TextId="IDT_DATAITEM_REFVAL"/>
							<DataItem DataType="Unsigned16" TextId="IDT_DATAITEM_REFVAL"/>
						</Output>
					</IOData>
					<ModuleInfo>
						<Name TextId="IDT_SM_NAME_TEL6"/>
						<InfoText TextId="IDT_SM_INFO_TEL6"/>
					</ModuleInfo>
					<IsochroneMode T_DC_Base="8" T_DC_Min="2" T_DC_Max="16" T_IO_Base="125000" T_IO_InputMin="3" T_IO_OutputMin="2" IsochroneModeRequired="true"/>
				</VirtualSubmoduleItem>
				</VirtualSubmoduleList>
				</ModuleItem> -->
				<!-- DO with telegram 7 : 2/2 PZD -->
				<!-- <ModuleItem ID="IDM_7" ModuleIdentNumber="0x00000100">
					<ModuleInfo>
						<Name TextId="IDT_MOD_NAME_TEL7"/>
						<InfoText TextId="IDT_MOD_INFO_TEL7"/>
					</ModuleInfo>
				<VirtualSubmoduleList>
				<VirtualSubmoduleItem ID="IDS_PAP_7" SubmoduleIdentNumber="0x0000FFFF" API="14848" FixedInSubslots="1">
					<IOData IOPS_Length="1" IOCS_Length="1"/>
					<ModuleInfo>
						<Name TextId="IDT_SM_NAME_PAP"/>
						<InfoText TextId="IDT_SM_INFO_PAP"/>
					</ModuleInfo>
				</VirtualSubmoduleItem>
				<VirtualSubmoduleItem ID="IDS_7" SubmoduleIdentNumber="0x00000007" API="14848" FixedInSubslots="2">
					<IOData IOPS_Length="1" IOCS_Length="1">
						<Input Consistency="All items consistency">
							<DataItem DataType="Unsigned16" TextId="IDT_DATAITEM_ACTVAL"/>
							<DataItem DataType="Unsigned16" TextId="IDT_DATAITEM_ACTVAL"/>
						</Input>
						<Output Consistency="All items consistency">
							<DataItem DataType="Unsigned16" TextId="IDT_DATAITEM_REFVAL"/>
							<DataItem DataType="Unsigned16" TextId="IDT_DATAITEM_REFVAL"/>
						</Output>
					</IOData>
					<ModuleInfo>
						<Name TextId="IDT_SM_NAME_TEL7"/>
						<InfoText TextId="IDT_SM_INFO_TEL7"/>
					</ModuleInfo>
				</VirtualSubmoduleItem>
				</VirtualSubmoduleList>
				</ModuleItem> -->
				<!-- DO with telegram 9 : 10/5 PZD -->
				<ModuleItem ID="IDM_9" ModuleIdentNumber="0x00000100" PhysicalSubslots="3">
					<ModuleInfo>
						<Name TextId="IDT_MOD_NAME_TEL9"/>
						<InfoText TextId="IDT_MOD_INFO_TEL9"/>
					</ModuleInfo>
				<VirtualSubmoduleList>
				<VirtualSubmoduleItem ID="IDS_PAP_9" SubmoduleIdentNumber="0x0000FFFF" API="14848" FixedInSubslots="1">
					<IOData IOPS_Length="1" IOCS_Length="1"/>
					<ModuleInfo>
						<Name TextId="IDT_SM_NAME_PAP"/>
						<InfoText TextId="IDT_SM_INFO_PAP"/>
					</ModuleInfo>
				</VirtualSubmoduleItem>
				<VirtualSubmoduleItem ID="IDS_9" SubmoduleIdentNumber="0x00000009" API="14848" FixedInSubslots="2">
					<IOData IOPS_Length="1" IOCS_Length="1">
						<Input Consistency="All items consistency">
							<DataItem DataType="Unsigned16" TextId="IDT_DATAITEM_ACTVAL"/>
							<DataItem DataType="Unsigned16" TextId="IDT_DATAITEM_ACTVAL"/>
							<DataItem DataType="Unsigned16" TextId="IDT_DATAITEM_ACTVAL"/>
							<DataItem DataType="Unsigned16" TextId="IDT_DATAITEM_ACTVAL"/>
							<DataItem DataType="Unsigned16" TextId="IDT_DATAITEM_ACTVAL"/>
						</Input>
						<Output Consistency="All items consistency">
							<DataItem DataType="Unsigned16" TextId="IDT_DATAITEM_REFVAL"/>
							<DataItem DataType="Unsigned16" TextId="IDT_DATAITEM_REFVAL"/>
							<DataItem DataType="Unsigned16" TextId="IDT_DATAITEM_REFVAL"/>
							<DataItem DataType="Unsigned16" TextId="IDT_DATAITEM_REFVAL"/>
							<DataItem DataType="Unsigned16" TextId="IDT_DATAITEM_REFVAL"/>
							<DataItem DataType="Unsigned16" TextId="IDT_DATAITEM_REFVAL"/>
							<DataItem DataType="Unsigned16" TextId="IDT_DATAITEM_REFVAL"/>
							<DataItem DataType="Unsigned16" TextId="IDT_DATAITEM_REFVAL"/>
							<DataItem DataType="Unsigned16" TextId="IDT_DATAITEM_REFVAL"/>
							<DataItem DataType="Unsigned16" TextId="IDT_DATAITEM_REFVAL"/>
						</Output>
					</IOData>
					<ModuleInfo>
						<Name TextId="IDT_SM_NAME_TEL9"/>
						<InfoText TextId="IDT_SM_INFO_TEL9"/>
					</ModuleInfo>
					<IsochroneMode T_DC_Base="8" T_DC_Min="4" T_DC_Max="16" T_IO_Base="125000" T_IO_InputMin="3" T_IO_OutputMin="2"/>
				</VirtualSubmoduleItem>
				</VirtualSubmoduleList>
				<UseableSubmodules>
						<SubmoduleItemRef SubmoduleItemTarget="IDS_ADD_1" AllowedInSubslots="3"/>
						<SubmoduleItemRef SubmoduleItemTarget="IDS_ADD_2" AllowedInSubslots="3"/>
						<SubmoduleItemRef SubmoduleItemTarget="IDS_ADD_3" AllowedInSubslots="3"/>
						<SubmoduleItemRef SubmoduleItemTarget="IDS_ADD_4" AllowedInSubslots="3"/>
						<SubmoduleItemRef SubmoduleItemTarget="IDS_ADD_5" AllowedInSubslots="3"/>
				</UseableSubmodules>
				</ModuleItem>		
				<!-- DO with telegram 910 : 11/9 PZD -->
				<ModuleItem ID="IDM_910" ModuleIdentNumber="0x00000100">
					<ModuleInfo>
						<Name TextId="IDT_MOD_NAME_TEL910"/>
						<InfoText TextId="IDT_MOD_INFO_TEL910"/>
					</ModuleInfo>
				<VirtualSubmoduleList>
				<VirtualSubmoduleItem ID="IDS_PAP_910" SubmoduleIdentNumber="0x0000FFFF" API="14848" FixedInSubslots="1">
					<IOData IOPS_Length="1" IOCS_Length="1"/>
					<ModuleInfo>
						<Name TextId="IDT_SM_NAME_PAP"/>
						<InfoText TextId="IDT_SM_INFO_PAP"/>
					</ModuleInfo>
				</VirtualSubmoduleItem>
				<VirtualSubmoduleItem ID="IDS_910" SubmoduleIdentNumber="0x0000038E" API="14848" FixedInSubslots="2">
					<IOData IOPS_Length="1" IOCS_Length="1">
						<Input Consistency="All items consistency">
							<DataItem DataType="Unsigned16" TextId="IDT_DATAITEM_ACTVAL"/>
							<DataItem DataType="Unsigned16" TextId="IDT_DATAITEM_ACTVAL"/>
							<DataItem DataType="Unsigned16" TextId="IDT_DATAITEM_ACTVAL"/>
							<DataItem DataType="Unsigned16" TextId="IDT_DATAITEM_ACTVAL"/>
							<DataItem DataType="Unsigned16" TextId="IDT_DATAITEM_ACTVAL"/>
							<DataItem DataType="Unsigned16" TextId="IDT_DATAITEM_ACTVAL"/>
							<DataItem DataType="Unsigned16" TextId="IDT_DATAITEM_ACTVAL"/>
							<DataItem DataType="Unsigned16" TextId="IDT_DATAITEM_ACTVAL"/>
							<DataItem DataType="Unsigned16" TextId="IDT_DATAITEM_ACTVAL"/>
						</Input>
						<Output Consistency="All items consistency">
							<DataItem DataType="Unsigned16" TextId="IDT_DATAITEM_REFVAL"/>
							<DataItem DataType="Unsigned16" TextId="IDT_DATAITEM_REFVAL"/>
							<DataItem DataType="Unsigned16" TextId="IDT_DATAITEM_REFVAL"/>
							<DataItem DataType="Unsigned16" TextId="IDT_DATAITEM_REFVAL"/>
							<DataItem DataType="Unsigned16" TextId="IDT_DATAITEM_REFVAL"/>
							<DataItem DataType="Unsigned16" TextId="IDT_DATAITEM_REFVAL"/>
							<DataItem DataType="Unsigned16" TextId="IDT_DATAITEM_REFVAL"/>
							<DataItem DataType="Unsigned16" TextId="IDT_DATAITEM_REFVAL"/>
							<DataItem DataType="Unsigned16" TextId="IDT_DATAITEM_REFVAL"/>
							<DataItem DataType="Unsigned16" TextId="IDT_DATAITEM_REFVAL"/>
							<DataItem DataType="Unsigned16" TextId="IDT_DATAITEM_REFVAL"/>
						</Output>
					</IOData>
					<ModuleInfo>
						<Name TextId="IDT_SM_NAME_TEL910"/>
						<InfoText TextId="IDT_SM_INFO_TEL910"/>
					</ModuleInfo>
					<IsochroneMode T_DC_Base="8" T_DC_Min="4" T_DC_Max="16" T_IO_Base="125000" T_IO_InputMin="3" T_IO_OutputMin="2"/>
				</VirtualSubmoduleItem>
				</VirtualSubmoduleList>
				</ModuleItem>		
				<!-- DO with telegram 911 : 19/16 PZD -->
				<ModuleItem ID="IDM_911" ModuleIdentNumber="0x00000100">
					<ModuleInfo>
						<Name TextId="IDT_MOD_NAME_TEL911"/>
						<InfoText TextId="IDT_MOD_INFO_TEL911"/>
					</ModuleInfo>
				<VirtualSubmoduleList>
				<VirtualSubmoduleItem ID="IDS_PAP_911" SubmoduleIdentNumber="0x0000FFFF" API="14848" FixedInSubslots="1">
					<IOData IOPS_Length="1" IOCS_Length="1"/>
					<ModuleInfo>
						<Name TextId="IDT_SM_NAME_PAP"/>
						<InfoText TextId="IDT_SM_INFO_PAP"/>
					</ModuleInfo>
				</VirtualSubmoduleItem>
				<VirtualSubmoduleItem ID="IDS_911" SubmoduleIdentNumber="0x0000038F" API="14848" FixedInSubslots="2">
					<IOData IOPS_Length="1" IOCS_Length="1">
						<Input Consistency="All items consistency">
							<DataItem DataType="Unsigned16" TextId="IDT_DATAITEM_ACTVAL"/>
							<DataItem DataType="Unsigned16" TextId="IDT_DATAITEM_ACTVAL"/>
							<DataItem DataType="Unsigned16" TextId="IDT_DATAITEM_ACTVAL"/>
							<DataItem DataType="Unsigned16" TextId="IDT_DATAITEM_ACTVAL"/>
							<DataItem DataType="Unsigned16" TextId="IDT_DATAITEM_ACTVAL"/>
							<DataItem DataType="Unsigned16" TextId="IDT_DATAITEM_ACTVAL"/>
							<DataItem DataType="Unsigned16" TextId="IDT_DATAITEM_ACTVAL"/>
							<DataItem DataType="Unsigned16" TextId="IDT_DATAITEM_ACTVAL"/>
							<DataItem DataType="Unsigned16" TextId="IDT_DATAITEM_ACTVAL"/>
							<DataItem DataType="Unsigned16" TextId="IDT_DATAITEM_ACTVAL"/>
							<DataItem DataType="Unsigned16" TextId="IDT_DATAITEM_ACTVAL"/>
							<DataItem DataType="Unsigned16" TextId="IDT_DATAITEM_ACTVAL"/>
							<DataItem DataType="Unsigned16" TextId="IDT_DATAITEM_ACTVAL"/>
							<DataItem DataType="Unsigned16" TextId="IDT_DATAITEM_ACTVAL"/>
							<DataItem DataType="Unsigned16" TextId="IDT_DATAITEM_ACTVAL"/>
							<DataItem DataType="Unsigned16" TextId="IDT_DATAITEM_ACTVAL"/>
						</Input>
						<Output Consistency="All items consistency">
							<DataItem DataType="Unsigned16" TextId="IDT_DATAITEM_REFVAL"/>
							<DataItem DataType="Unsigned16" TextId="IDT_DATAITEM_REFVAL"/>
							<DataItem DataType="Unsigned16" TextId="IDT_DATAITEM_REFVAL"/>
							<DataItem DataType="Unsigned16" TextId="IDT_DATAITEM_REFVAL"/>
							<DataItem DataType="Unsigned16" TextId="IDT_DATAITEM_REFVAL"/>
							<DataItem DataType="Unsigned16" TextId="IDT_DATAITEM_REFVAL"/>
							<DataItem DataType="Unsigned16" TextId="IDT_DATAITEM_REFVAL"/>
							<DataItem DataType="Unsigned16" TextId="IDT_DATAITEM_REFVAL"/>
							<DataItem DataType="Unsigned16" TextId="IDT_DATAITEM_REFVAL"/>
							<DataItem DataType="Unsigned16" TextId="IDT_DATAITEM_REFVAL"/>
							<DataItem DataType="Unsigned16" TextId="IDT_DATAITEM_REFVAL"/>
							<DataItem DataType="Unsigned16" TextId="IDT_DATAITEM_REFVAL"/>
							<DataItem DataType="Unsigned16" TextId="IDT_DATAITEM_REFVAL"/>
							<DataItem DataType="Unsigned16" TextId="IDT_DATAITEM_REFVAL"/>
							<DataItem DataType="Unsigned16" TextId="IDT_DATAITEM_REFVAL"/>
							<DataItem DataType="Unsigned16" TextId="IDT_DATAITEM_REFVAL"/>
							<DataItem DataType="Unsigned16" TextId="IDT_DATAITEM_REFVAL"/>
							<DataItem DataType="Unsigned16" TextId="IDT_DATAITEM_REFVAL"/>
							<DataItem DataType="Unsigned16" TextId="IDT_DATAITEM_REFVAL"/>
						</Output>
					</IOData>
					<ModuleInfo>
						<Name TextId="IDT_SM_NAME_TEL911"/>
						<InfoText TextId="IDT_SM_INFO_TEL911"/>
					</ModuleInfo>
					<IsochroneMode T_DC_Base="8" T_DC_Min="4" T_DC_Max="16" T_IO_Base="125000" T_IO_InputMin="3" T_IO_OutputMin="2"/>
				</VirtualSubmoduleItem>
				</VirtualSubmoduleList>
				</ModuleItem>		
			</ModuleList>		
      
      <SubmoduleList>
				<SubmoduleItem ID="IDS_ADD_1" SubmoduleIdentNumber="0x000001F5" API="14848">
					<IOData IOPS_Length="1" IOCS_Length="1">
						<Input Consistency="All items consistency">
							<DataItem DataType="Unsigned16" TextId="IDT_DATAITEM_ACTVAL"/>
							<DataItem DataType="Unsigned16" TextId="IDT_DATAITEM_ACTVAL"/>
							<DataItem DataType="Unsigned16" TextId="IDT_DATAITEM_ACTVAL"/>
							<DataItem DataType="Unsigned16" TextId="IDT_DATAITEM_ACTVAL"/>
              <DataItem DataType="Unsigned16" TextId="IDT_DATAITEM_ACTVAL"/>
							<DataItem DataType="Unsigned16" TextId="IDT_DATAITEM_ACTVAL"/>
							<DataItem DataType="Unsigned16" TextId="IDT_DATAITEM_ACTVAL"/>
              <DataItem DataType="Unsigned16" TextId="IDT_DATAITEM_ACTVAL"/>
              <DataItem DataType="Unsigned16" TextId="IDT_DATAITEM_ACTVAL"/>
							<DataItem DataType="Unsigned16" TextId="IDT_DATAITEM_ACTVAL"/>
							<DataItem DataType="Unsigned16" TextId="IDT_DATAITEM_ACTVAL"/>	              
						</Input>
						<Output Consistency="All items consistency">
							<DataItem DataType="Unsigned16" TextId="IDT_DATAITEM_REFVAL"/>
              <DataItem DataType="Unsigned16" TextId="IDT_DATAITEM_REFVAL"/>	
              <DataItem DataType="Unsigned16" TextId="IDT_DATAITEM_REFVAL"/>
              <DataItem DataType="Unsigned16" TextId="IDT_DATAITEM_REFVAL"/>
              <DataItem DataType="Unsigned16" TextId="IDT_DATAITEM_REFVAL"/>	
              <DataItem DataType="Unsigned16" TextId="IDT_DATAITEM_REFVAL"/>		  
              <DataItem DataType="Unsigned16" TextId="IDT_DATAITEM_REFVAL"/>		              
						</Output>
					</IOData>
					<ModuleInfo>
						<Name TextId="IDT_SM_NAME_SUPP_DATA_1"/>
						<InfoText TextId="IDT_SM_INFO_SUPP_DATA_1"/>
					</ModuleInfo>
          <IsochroneMode T_DC_Base="8" T_DC_Min="4" T_DC_Max="16" T_IO_Base="125000" T_IO_InputMin="3" T_IO_OutputMin="2"/>
				</SubmoduleItem>
        
				<SubmoduleItem ID="IDS_ADD_2" SubmoduleIdentNumber="0x000001F6" API="14848">
					<IOData IOPS_Length="1" IOCS_Length="1">
						<Input Consistency="All items consistency">
							<DataItem DataType="Unsigned16" TextId="IDT_DATAITEM_ACTVAL"/>
							<DataItem DataType="Unsigned16" TextId="IDT_DATAITEM_ACTVAL"/>
							<DataItem DataType="Unsigned16" TextId="IDT_DATAITEM_ACTVAL"/>
							<DataItem DataType="Unsigned16" TextId="IDT_DATAITEM_ACTVAL"/>
							<DataItem DataType="Unsigned16" TextId="IDT_DATAITEM_ACTVAL"/>
							<DataItem DataType="Unsigned16" TextId="IDT_DATAITEM_ACTVAL"/>							
						</Input>
						<Output Consistency="All items consistency">
							<DataItem DataType="Unsigned16" TextId="IDT_DATAITEM_REFVAL"/>
							<DataItem DataType="Unsigned16" TextId="IDT_DATAITEM_REFVAL"/>						
						</Output>
					</IOData>
					<ModuleInfo>
						<Name TextId="IDT_SM_NAME_SUPP_DATA_2"/>
						<InfoText TextId="IDT_SM_INFO_SUPP_DATA_2"/>
					</ModuleInfo>
          <IsochroneMode T_DC_Base="8" T_DC_Min="4" T_DC_Max="16" T_IO_Base="125000" T_IO_InputMin="3" T_IO_OutputMin="2"/>
				</SubmoduleItem>        
       
				<SubmoduleItem ID="IDS_ADD_3" SubmoduleIdentNumber="0x000001F7" API="14848">
					<IOData IOPS_Length="1" IOCS_Length="1">
						<Input Consistency="All items consistency">
							<DataItem DataType="Unsigned16" TextId="IDT_DATAITEM_ACTVAL"/>
							<DataItem DataType="Unsigned16" TextId="IDT_DATAITEM_ACTVAL"/>
							<DataItem DataType="Unsigned16" TextId="IDT_DATAITEM_ACTVAL"/>
							<DataItem DataType="Unsigned16" TextId="IDT_DATAITEM_ACTVAL"/>
						</Input>
						<Output Consistency="All items consistency">
							<DataItem DataType="Unsigned16" TextId="IDT_DATAITEM_REFVAL"/>							
						</Output>
					</IOData>
					<ModuleInfo>
						<Name TextId="IDT_SM_NAME_SUPP_DATA_3"/>
						<InfoText TextId="IDT_SM_INFO_SUPP_DATA_3"/>
					</ModuleInfo>
          <IsochroneMode T_DC_Base="8" T_DC_Min="4" T_DC_Max="16" T_IO_Base="125000" T_IO_InputMin="3" T_IO_OutputMin="2"/>
				</SubmoduleItem>
				
			<SubmoduleItem ID="IDS_ADD_4" SubmoduleIdentNumber="0x000001F8" API="14848">
					<IOData IOPS_Length="1" IOCS_Length="1">
						<Input Consistency="All items consistency">
							<DataItem DataType="Unsigned16" TextId="IDT_DATAITEM_ACTVAL"/>
							<DataItem DataType="Unsigned16" TextId="IDT_DATAITEM_ACTVAL"/>
							<DataItem DataType="Unsigned16" TextId="IDT_DATAITEM_ACTVAL"/>
							<DataItem DataType="Unsigned16" TextId="IDT_DATAITEM_ACTVAL"/>
							<DataItem DataType="Unsigned16" TextId="IDT_DATAITEM_ACTVAL"/>
							<DataItem DataType="Unsigned16" TextId="IDT_DATAITEM_ACTVAL"/>
							<DataItem DataType="Unsigned16" TextId="IDT_DATAITEM_ACTVAL"/>
							<DataItem DataType="Unsigned16" TextId="IDT_DATAITEM_ACTVAL"/>
							<DataItem DataType="Unsigned16" TextId="IDT_DATAITEM_ACTVAL"/>
							<DataItem DataType="Unsigned16" TextId="IDT_DATAITEM_ACTVAL"/>
							<DataItem DataType="Unsigned16" TextId="IDT_DATAITEM_ACTVAL"/>
							<DataItem DataType="Unsigned16" TextId="IDT_DATAITEM_ACTVAL"/>
							<DataItem DataType="Unsigned16" TextId="IDT_DATAITEM_ACTVAL"/>
						</Input>
						<Output Consistency="All items consistency">
							<DataItem DataType="Unsigned16" TextId="IDT_DATAITEM_REFVAL"/>
							<DataItem DataType="Unsigned16" TextId="IDT_DATAITEM_REFVAL"/>
							<DataItem DataType="Unsigned16" TextId="IDT_DATAITEM_REFVAL"/>
							<DataItem DataType="Unsigned16" TextId="IDT_DATAITEM_REFVAL"/>
							<DataItem DataType="Unsigned16" TextId="IDT_DATAITEM_REFVAL"/>
							<DataItem DataType="Unsigned16" TextId="IDT_DATAITEM_REFVAL"/>
							<DataItem DataType="Unsigned16" TextId="IDT_DATAITEM_REFVAL"/>
							<DataItem DataType="Unsigned16" TextId="IDT_DATAITEM_REFVAL"/>
							<DataItem DataType="Unsigned16" TextId="IDT_DATAITEM_REFVAL"/>
							<DataItem DataType="Unsigned16" TextId="IDT_DATAITEM_REFVAL"/>
							<DataItem DataType="Unsigned16" TextId="IDT_DATAITEM_REFVAL"/>
						</Output>
					</IOData>
					<ModuleInfo>
						<Name TextId="IDT_SM_NAME_SUPP_DATA_4"/>
						<InfoText TextId="IDT_SM_INFO_SUPP_DATA_4"/>
					</ModuleInfo>
					<IsochroneMode T_DC_Base="8" T_DC_Min="4" T_DC_Max="16" T_IO_Base="125000" T_IO_InputMin="3" T_IO_OutputMin="2"/>
				</SubmoduleItem>
				
				<SubmoduleItem ID="IDS_ADD_5" SubmoduleIdentNumber="0x000001F9" API="14848">
					<IOData IOPS_Length="1" IOCS_Length="1">
						<Input Consistency="All items consistency">
							<DataItem DataType="Unsigned16" TextId="IDT_DATAITEM_ACTVAL"/>
							<DataItem DataType="Unsigned16" TextId="IDT_DATAITEM_ACTVAL"/>
							<DataItem DataType="Unsigned16" TextId="IDT_DATAITEM_ACTVAL"/>
							<DataItem DataType="Unsigned16" TextId="IDT_DATAITEM_ACTVAL"/>
							<DataItem DataType="Unsigned16" TextId="IDT_DATAITEM_ACTVAL"/>
							<DataItem DataType="Unsigned16" TextId="IDT_DATAITEM_ACTVAL"/>
						</Input>
						<Output Consistency="All items consistency">
							<DataItem DataType="Unsigned16" TextId="IDT_DATAITEM_REFVAL"/>
							<DataItem DataType="Unsigned16" TextId="IDT_DATAITEM_REFVAL"/>
							<DataItem DataType="Unsigned16" TextId="IDT_DATAITEM_REFVAL"/>
						</Output>
					</IOData>
					<ModuleInfo>
						<Name TextId="IDT_SM_NAME_SUPP_DATA_5"/>
						<InfoText TextId="IDT_SM_INFO_SUPP_DATA_5"/>
					</ModuleInfo>
					<IsochroneMode T_DC_Base="8" T_DC_Min="4" T_DC_Max="16" T_IO_Base="125000" T_IO_InputMin="3" T_IO_OutputMin="2"/>
				</SubmoduleItem>
				
       </SubmoduleList>
		<!-- ============================================================================================ -->
			<GraphicsList>
				<GraphicItem ID="IDGR_DEVICE" GraphicFile="GSDML-0203-7509-Xvi75V8S"/>
			</GraphicsList>
			<!-- ============================================================================================ -->
			<ExternalTextList>
				<PrimaryLanguage>
					<!-- module text -->
<Text TextId="IDT_MOD_NAME_EMPTY" Value="DO without PZD"/>
<Text TextId="IDT_MOD_INFO_EMPTY" Value="Drive object (DO) without cyclic PZD"/>

					<!-- compact modules -->
<Text TextId="IDT_MOD_NAME_TEL1" Value="DO with standard telegr. 1"/>
<Text TextId="IDT_MOD_INFO_TEL1" Value="Drive object (DO) with standard telegram 1"/>
<Text TextId="IDT_MOD_NAME_TEL2" Value="DO with standard telegr. 2"/>
<Text TextId="IDT_MOD_INFO_TEL2" Value="Drive object (DO) with standard telegram 2"/>
<Text TextId="IDT_MOD_NAME_TEL3" Value="DO with standard telegr. 3"/>
<Text TextId="IDT_MOD_INFO_TEL3" Value="Drive object (DO) with standard telegram 3"/>
<Text TextId="IDT_MOD_NAME_TEL4" Value="DO with standard telegr. 4"/>
<Text TextId="IDT_MOD_INFO_TEL4" Value="Drive object (DO) with standard telegram 4"/>
<Text TextId="IDT_MOD_NAME_TEL5" Value="DO with standard telegr. 5"/>
<Text TextId="IDT_MOD_INFO_TEL5" Value="Drive object (DO) with standard telegram 5"/>
<Text TextId="IDT_MOD_NAME_TEL6" Value="DO with standard telegr. 6"/>
<Text TextId="IDT_MOD_INFO_TEL6" Value="Drive object (DO) with standard telegram 6"/>
<Text TextId="IDT_MOD_NAME_TEL7" Value="DO with standard telegr. 7"/>
<Text TextId="IDT_MOD_INFO_TEL7" Value="Drive object (DO) with standard telegram 7"/>
<Text TextId="IDT_MOD_NAME_TEL9" Value="DO with standard telegr. 9"/>
<Text TextId="IDT_MOD_INFO_TEL9" Value="Drive object (DO) with standard telegram 9"/>

<Text TextId="IDT_MOD_NAME_TEL910" Value="DO with JennyScience telegr. 910"/>
<Text TextId="IDT_MOD_INFO_TEL910" Value="Drive object (DO) with JennyScience telegram 910"/>

<Text TextId="IDT_MOD_NAME_TEL911" Value="DO with JennyScience telegr. 911"/>
<Text TextId="IDT_MOD_INFO_TEL911" Value="Drive object (DO) with JennyScience telegram 911"/>

					<!-- special submodules -->
<Text TextId="IDT_SM_NAME_PAP" Value="Parameter Access Point"/>
<Text TextId="IDT_SM_INFO_PAP" Value="Access point to the parameters of the drive object (DO)"/>
<Text TextId="IDT_SM_NAME_MAP" Value="Module Access Point:"/>
<Text TextId="IDT_SM_INFO_MAP" Value="Module Access Point:"/>
<Text TextId="IDT_SM_NAME_EMPTY" Value="Empty submodule"/>
<Text TextId="IDT_SM_INFO_EMPTY" Value="Empty submodule"/>

					<!-- telegram submodules -->
<Text TextId="IDT_SM_NAME_TEL1" Value="Standard telegram 1, PZD-2/2"/>
<Text TextId="IDT_SM_INFO_TEL1" Value="Standard telegram 1: Closed-loop speed control, PZD length 2/2 words"/>
<Text TextId="IDT_SM_NAME_TEL2" Value="Standard telegram 2, PZD-4/4"/>
<Text TextId="IDT_SM_INFO_TEL2" Value="Standard telegram 2: Closed-loop speed control, PZD length 4/4 words"/>
<Text TextId="IDT_SM_NAME_TEL3" Value="Standard telegram 3, PZD-5/9"/>
<Text TextId="IDT_SM_INFO_TEL3" Value="Standard telegram 3: Closed-loop speed control plus 1 position encoder, PZD length 5/9 words"/>
<Text TextId="IDT_SM_NAME_TEL4" Value="Standard telegram 4, PZD-6/14"/>
<Text TextId="IDT_SM_INFO_TEL4" Value="Standard telegram 4: Closed-loop speed control plus 2 position encoders, PZD length 6/14 words"/>
<Text TextId="IDT_SM_NAME_TEL5" Value="Standard telegram 5, PZD-9/9"/>
<Text TextId="IDT_SM_INFO_TEL5" Value="Standard telegram 5: Closed-loop speed/position control with DSC, 1 position encoder, PZD length 9/9 words"/>
<Text TextId="IDT_SM_NAME_TEL6" Value="Standard telegram 6, PZD-10/14"/>
<Text TextId="IDT_SM_INFO_TEL6" Value="Standard telegram 6: Closed-loop speed/position control with DSC, 2 position encoders, PZD length 10/14 words"/>
<Text TextId="IDT_SM_NAME_TEL7" Value="Standard telegram 7, PZD-2/2"/>
<Text TextId="IDT_SM_INFO_TEL7" Value="Standard telegram 7: Positioning, PZD length 2/2 words"/>
<Text TextId="IDT_SM_NAME_TEL9" Value="Standard telegram 9, PZD-10/5"/>
<Text TextId="IDT_SM_INFO_TEL9" Value="Standard telegram 9: Positioning, PZD length 10/5 words"/>

<Text TextId="IDT_SM_NAME_TEL910" Value="JennyScience telegram 910, PZD-11/9"/>
<Text TextId="IDT_SM_INFO_TEL910" Value="JennyScience telegram 910: Positioning, PZD length 11/9 words"/>
<Text TextId="IDT_SM_NAME_TEL911" Value="JennyScience telegram 911, PZD-19/16"/>
<Text TextId="IDT_SM_INFO_TEL911" Value="JennyScience telegram 911: Positioning, PZD length 19/16 words"/>

<Text TextId="IDT_SM_NAME_SUPP_DATA_1" Value="Supplementary data 1 Jenny Science, PZD-7/11"/>
<Text TextId="IDT_SM_INFO_SUPP_DATA_1" Value="Supplementary data 1 Jenny Science, PZD length 7/11 words"/>
<Text TextId="IDT_SM_NAME_SUPP_DATA_2" Value="Supplementary data 2 Jenny Science, PZD-2/6"/>
<Text TextId="IDT_SM_INFO_SUPP_DATA_2" Value="Supplementary data 2 Jenny Science, PZD length 2/6 words"/>
<Text TextId="IDT_SM_NAME_SUPP_DATA_3" Value="Supplementary data 3 Jenny Science, PZD-1/4"/>
<Text TextId="IDT_SM_INFO_SUPP_DATA_3" Value="Supplementary data 3 Jenny Science, PZD length 1/4 words"/>
<Text TextId="IDT_SM_NAME_SUPP_DATA_4" Value="Supplementary data 4 Jenny Science, PZD-11/13"/>
<Text TextId="IDT_SM_INFO_SUPP_DATA_4" Value="Supplementary data 4 Jenny Science, PZD length 11/13 words"/>
<Text TextId="IDT_SM_NAME_SUPP_DATA_5" Value="Supplementary data 5 Jenny Science, PZD-3/6"/>
<Text TextId="IDT_SM_INFO_SUPP_DATA_5" Value="Supplementary data 5 Jenny Science, PZD length 3/6 words"/>

<Text TextId="IDT_DATAITEM_ACTVAL" Value="Status word or actual value"/>
<Text TextId="IDT_DATAITEM_REFVAL" Value="Control word or setpoint"/>

					<!-- DAP text -->
<Text TextId="IDT_FamilyDescription" Value="XENAX Servo Controller"/>
<Text TextId="IDT_DAP_NAME_XENAX" Value="XENAX Xvi75V8S"/>
<Text TextId="IDT_DAP_MRP_NAME_XENAX" Value="XENAX Xvi75V8S with MRP support"/>
<Text TextId="IDT_DAP_INFO_XENAX" Value="XENAX Servo Controller with PROFINET-IO interface (RT, IRT and non-cyclic communications, clock cycle synchronization)"/>
<Text TextId="IDT_DAP_MRP_INFO_XENAX" Value="XENAX Servo Controller with PROFINET-IO interface (RT, IRT and non-cyclic communications, clock cycle synchronization, MRP)"/>

<Text TextId="IDT_Subslot_Interface" Value="X1"/>
<Text TextId="IDT_Subslot_PORT1" Value="X1 P1"/>
<Text TextId="IDT_Subslot_PORT2" Value="X1 P2"/>
<Text TextId="IDT_PORT1" Value="Port 1"/>
<Text TextId="IDT_PORT2" Value="Port 2"/>
<Text TextId="IDT_ISM_CBE" Value="Interface"/>

				</PrimaryLanguage>
<Language xml:lang="de">
					<!-- module text -->
<Text TextId="IDT_MOD_NAME_EMPTY" Value="DO ohne PZD"/>
<Text TextId="IDT_MOD_INFO_EMPTY" Value="Antriebsobjekt (DO) ohne zyklische PZD"/>

					<!-- compact modules -->
<Text TextId="IDT_MOD_NAME_TEL1" Value="DO mit Standard Telegr. 1"/>
<Text TextId="IDT_MOD_INFO_TEL1" Value="Antriebsobjekt (DO) mit Standard Telegramm 1"/>
<Text TextId="IDT_MOD_NAME_TEL2" Value="DO mit Standard Telegr. 2"/>
<Text TextId="IDT_MOD_INFO_TEL2" Value="Antriebsobjekt (DO) mit Standard Telegramm 2"/>
<Text TextId="IDT_MOD_NAME_TEL3" Value="DO mit Standard Telegr. 3"/>
<Text TextId="IDT_MOD_INFO_TEL3" Value="Antriebsobjekt (DO) mit Standard Telegramm 3"/>
<Text TextId="IDT_MOD_NAME_TEL4" Value="DO mit Standard Telegr. 4"/>
<Text TextId="IDT_MOD_INFO_TEL4" Value="Antriebsobjekt (DO) mit Standard Telegramm 4"/>
<Text TextId="IDT_MOD_NAME_TEL5" Value="DO mit Standard Telegr. 5"/>
<Text TextId="IDT_MOD_INFO_TEL5" Value="Antriebsobjekt (DO) mit Standard Telegramm 5"/>
<Text TextId="IDT_MOD_NAME_TEL6" Value="DO mit Standard Telegr. 6"/>
<Text TextId="IDT_MOD_INFO_TEL6" Value="Antriebsobjekt (DO) mit Standard Telegramm 6"/>
<Text TextId="IDT_MOD_NAME_TEL7" Value="DO mit Standard Telegr. 7"/>
<Text TextId="IDT_MOD_INFO_TEL7" Value="Antriebsobjekt (DO) mit Standard Telegramm 7"/>
<Text TextId="IDT_MOD_NAME_TEL9" Value="DO mit Standard Telegr. 9"/>
<Text TextId="IDT_MOD_INFO_TEL9" Value="Antriebsobjekt (DO) mit Standard Telegramm 9"/>

<Text TextId="IDT_MOD_NAME_TEL910" Value="DO mit JennyScience Telegr. 910"/>
<Text TextId="IDT_MOD_INFO_TEL910" Value="Antriebsobjekt (DO) mit JennyScience Telegramm 910"/>
<Text TextId="IDT_MOD_NAME_TEL911" Value="DO mit JennyScience Telegr. 911"/>
<Text TextId="IDT_MOD_INFO_TEL911" Value="Antriebsobjekt (DO) mit JennyScience Telegramm 911"/>

					<!-- special submodules -->
<Text TextId="IDT_SM_NAME_PAP" Value="Parameter Access Point"/>
<Text TextId="IDT_SM_INFO_PAP" Value="Zugangspunkt auf die Parameter des Antriebsobjektes (DO)"/>
<Text TextId="IDT_SM_NAME_MAP" Value="Module Access Point"/>
<Text TextId="IDT_SM_INFO_MAP" Value="Module Access Point"/>
<Text TextId="IDT_SM_NAME_EMPTY" Value="leeres Submodul"/>
<Text TextId="IDT_SM_INFO_EMPTY" Value="leeres Submodul"/>

					<!-- telegram submodules -->
<Text TextId="IDT_SM_NAME_TEL1" Value="Standard Telegramm 1, PZD-2/2"/>
<Text TextId="IDT_SM_INFO_TEL1" Value="Standard Telegramm 1: Drehzahlregelung, PZD-Länge 2/2 Worte"/>
<Text TextId="IDT_SM_NAME_TEL2" Value="Standard Telegramm 2, PZD-4/4"/>
<Text TextId="IDT_SM_INFO_TEL2" Value="Standard Telegramm 2: Drehzahlregelung, PZD-Länge 4/4 Worte"/>
<Text TextId="IDT_SM_NAME_TEL3" Value="Standard Telegramm 3, PZD-5/9"/>
<Text TextId="IDT_SM_INFO_TEL3" Value="Standard Telegramm 3: Drehzahlregelung plus 1 Lagegeber, PZD-Länge 5/9 Worte"/>
<Text TextId="IDT_SM_NAME_TEL4" Value="Standard Telegramm 4, PZD-6/14"/>
<Text TextId="IDT_SM_INFO_TEL4" Value="Standard Telegramm 4: Drehzahlregelung plus 2 Lagegeber, PZD-Länge 6/14 Worte"/>
<Text TextId="IDT_SM_NAME_TEL5" Value="Standard Telegramm 5, PZD-9/9"/>
<Text TextId="IDT_SM_INFO_TEL5" Value="Standard Telegramm 5: Drehzahl- /Lageregelung mit DSC, 1 Lagegeber, PZD-Länge 9/9 Worte"/>
<Text TextId="IDT_SM_NAME_TEL6" Value="Standard Telegramm 6, PZD-10/14"/>
<Text TextId="IDT_SM_INFO_TEL6" Value="Standard Telegramm 6: Drehzahl- /Lageregelung mit DSC, 2 Lagegeber, PZD-Länge 10/14 Worte"/>
<Text TextId="IDT_SM_NAME_TEL7" Value="Standard Telegramm 7, PZD-2/2"/>
<Text TextId="IDT_SM_INFO_TEL7" Value="Standard Telegramm 7: Positionieren, PZD-Länge 2/2 Worte"/>
<Text TextId="IDT_SM_NAME_TEL9" Value="Standard Telegramm 9, PZD-10/5"/>
<Text TextId="IDT_SM_INFO_TEL9" Value="Standard Telegramm 9: Positionieren, PZD-Länge 10/5 Worte"/>

<Text TextId="IDT_SM_NAME_TEL910" Value="JennyScience Telegramm 910, PZD-11/9"/>
<Text TextId="IDT_SM_INFO_TEL910" Value="JennyScience Telegramm 910: Positionieren, PZD-Länge 11/9 Worte"/>
<Text TextId="IDT_SM_NAME_TEL911" Value="JennyScience Telegramm 911, PZD-19/16"/>
<Text TextId="IDT_SM_INFO_TEL911" Value="JennyScience Telegramm 911: Positionieren, PZD-Länge 19/16 Worte"/>

<Text TextId="IDT_SM_NAME_SUPP_DATA_1" Value="Zusatzdaten 1 Jenny Science, PZD-7/11"/>
<Text TextId="IDT_SM_INFO_SUPP_DATA_1" Value="Zusatzdaten 1 Jenny Science, PZD-Länge 7/11 Worte"/>
<Text TextId="IDT_SM_NAME_SUPP_DATA_2" Value="Zusatzdaten 2 Jenny Science, PZD-2/6"/>
<Text TextId="IDT_SM_INFO_SUPP_DATA_2" Value="Zusatzdaten 2 Jenny Science, PZD-Länge 2/6 Worte"/>
<Text TextId="IDT_SM_NAME_SUPP_DATA_3" Value="Zusatzdaten 3 Jenny Science, PZD-1/4"/>
<Text TextId="IDT_SM_INFO_SUPP_DATA_3" Value="Zusatzdaten 3 Jenny Science, PZD-Länge 1/4 Worte"/>
<Text TextId="IDT_SM_NAME_SUPP_DATA_4" Value="Zusatzdaten 4 Jenny Science, PZD-11/13"/>
<Text TextId="IDT_SM_INFO_SUPP_DATA_4" Value="Zusatzdaten 4 Jenny Science, PZD-Länge 11/13 Worte"/>
<Text TextId="IDT_SM_NAME_SUPP_DATA_5" Value="Zusatzdaten 5 Jenny Science, PZD-3/6"/>
<Text TextId="IDT_SM_INFO_SUPP_DATA_5" Value="Zusatzdaten 5 Jenny Science, PZD-Länge 3/6 Worte"/>

<Text TextId="IDT_DATAITEM_ACTVAL" Value="Zustandswort oder Istwert"/>
<Text TextId="IDT_DATAITEM_REFVAL" Value="Steuerwort oder Sollwert"/>

					<!-- DAP text -->
<Text TextId="IDT_FamilyDescription" Value="XENAX Servo Controller"/>
<Text TextId="IDT_DAP_NAME_XENAX" Value="XENAX Xvi75V8S"/>
<Text TextId="IDT_DAP_MRP_NAME_XENAX" Value="XENAX Xvi75V8S mit MRP Unterstützung"/>
<Text TextId="IDT_DAP_INFO_XENAX" Value="XENAX Xvi75V8S mit PROFINET-IO-Schnittstelle (RT-, IRT- und azyklische Kommunikation, Taktsynchronisation)"/>
<Text TextId="IDT_DAP_MRP_INFO_XENAX" Value="XENAX Xvi75V8S mit PROFINET-IO-Schnittstelle (RT-, IRT- und azyklische Kommunikation, Taktsynchronisation, MRP)"/>

<Text TextId="IDT_Subslot_Interface" Value="X1"/>
<Text TextId="IDT_Subslot_PORT1" Value="X1 P1"/>
<Text TextId="IDT_Subslot_PORT2" Value="X1 P2"/>
<Text TextId="IDT_PORT1" Value="Port 1"/>
<Text TextId="IDT_PORT2" Value="Port 2"/>
<Text TextId="IDT_ISM_CBE" Value="Interface"/>

</Language>
<Language xml:lang="es">
					<!-- module text -->
<Text TextId="IDT_MOD_NAME_EMPTY" Value="DO sin PZD"/>
<Text TextId="IDT_MOD_INFO_EMPTY" Value="Objeto de accionamiento (DO) sin PZD cíclico"/>

					<!-- compact modules -->
<Text TextId="IDT_MOD_NAME_TEL1" Value="DO con telegr. estándar 1"/>
<Text TextId="IDT_MOD_INFO_TEL1" Value="Objeto de accionamiento (DO) con telegrama estándar 1"/>
<Text TextId="IDT_MOD_NAME_TEL2" Value="DO con telegr. estándar 2"/>
<Text TextId="IDT_MOD_INFO_TEL2" Value="Objeto de accionamiento (DO) con telegrama estándar 2"/>
<Text TextId="IDT_MOD_NAME_TEL3" Value="DO con telegr. estándar 3"/>
<Text TextId="IDT_MOD_INFO_TEL3" Value="Objeto de accionamiento (DO) con telegrama estándar 3"/>
<Text TextId="IDT_MOD_NAME_TEL4" Value="DO con telegr. estándar 4"/>
<Text TextId="IDT_MOD_INFO_TEL4" Value="Objeto de accionamiento (DO) con telegrama estándar 4"/>
<Text TextId="IDT_MOD_NAME_TEL5" Value="DO con telegr. estándar 5"/>
<Text TextId="IDT_MOD_INFO_TEL5" Value="Objeto de accionamiento (DO) con telegrama estándar 5"/>
<Text TextId="IDT_MOD_NAME_TEL6" Value="DO con telegr. estándar 6"/>
<Text TextId="IDT_MOD_INFO_TEL6" Value="Objeto de accionamiento (DO) con telegrama estándar 6"/>
<Text TextId="IDT_MOD_NAME_TEL7" Value="DO con telegr. estándar 7"/>
<Text TextId="IDT_MOD_INFO_TEL7" Value="Objeto de accionamiento (DO) con telegrama estándar 7"/>
<Text TextId="IDT_MOD_NAME_TEL9" Value="DO con telegr. estándar 9"/>
<Text TextId="IDT_MOD_INFO_TEL9" Value="Objeto de accionamiento (DO) con telegrama estándar 9"/>

<Text TextId="IDT_MOD_NAME_TEL910" Value="DO con telegr. JennyScience 910"/>
<Text TextId="IDT_MOD_INFO_TEL910" Value="Objeto de accionamiento (DO) con telegrama JennyScience 910"/>
<Text TextId="IDT_MOD_NAME_TEL911" Value="DO con telegr. JennyScience 911"/>
<Text TextId="IDT_MOD_INFO_TEL911" Value="Objeto de accionamiento (DO) con telegrama JennyScience 911"/>

					<!-- special submodules -->
<Text TextId="IDT_SM_NAME_PAP" Value="Punto de acceso a parámetros"/>
<Text TextId="IDT_SM_INFO_PAP" Value="Punto de acceso a los parámetros del objeto de accionamiento (DO)"/>
<Text TextId="IDT_SM_NAME_MAP" Value="Module Access Point"/>
<Text TextId="IDT_SM_INFO_MAP" Value="Module Access Point"/>
<Text TextId="IDT_SM_NAME_EMPTY" Value="Submódulo vacío"/>
<Text TextId="IDT_SM_INFO_EMPTY" Value="Submódulo vacío"/>

					<!-- telegram submodules -->
<Text TextId="IDT_SM_NAME_TEL1" Value="Telegrama estándar 1, PZD-2/2"/>
<Text TextId="IDT_SM_INFO_TEL1" Value="Telegrama estándar 1: regulación de velocidad, longitud PZD 2/2 palabras"/>
<Text TextId="IDT_SM_NAME_TEL2" Value="Telegrama estándar 2, PZD-4/4"/>
<Text TextId="IDT_SM_INFO_TEL2" Value="Telegrama estándar 2: regulación de velocidad, longitud PZD 4/4 palabras"/>
<Text TextId="IDT_SM_NAME_TEL3" Value="Telegrama estándar 3, PZD-5/9"/>
<Text TextId="IDT_SM_INFO_TEL3" Value="Telegrama estándar 3: regulación de velocidad más 1 encóder de posición, longitud PZD 5/9 palabras"/>
<Text TextId="IDT_SM_NAME_TEL4" Value="Telegrama estándar 4, PZD-6/14"/>
<Text TextId="IDT_SM_INFO_TEL4" Value="Telegrama estándar 4: regulación de velocidad más 2 encóder de posición, longitud PZD 6/14 palabras"/>
<Text TextId="IDT_SM_NAME_TEL5" Value="Telegrama estándar 5, PZD-9/9"/>
<Text TextId="IDT_SM_INFO_TEL5" Value="Telegrama estándar 5: regulación de velocidad/posición con DSC, 1 encóders de posición, longitud PZD 9/9 palabras"/>
<Text TextId="IDT_SM_NAME_TEL6" Value="Telegrama estándar 6, PZD-10/14"/>
<Text TextId="IDT_SM_INFO_TEL6" Value="Telegrama estándar 6: regulación de velocidad/posición con DSC, 2 encóders de posición, longitud PZD 10/14 palabras"/>
<Text TextId="IDT_SM_NAME_TEL7" Value="Telegrama estándar 7, PZD-2/2"/>
<Text TextId="IDT_SM_INFO_TEL7" Value="Telegrama estándar 7: posicionamiento, longitud PZD 2/2 palabras"/>
<Text TextId="IDT_SM_NAME_TEL9" Value="Telegrama estándar 9, PZD-10/5"/>
<Text TextId="IDT_SM_INFO_TEL9" Value="Telegrama estándar 9: posicionamiento, longitud PZD 10/5 palabras"/>

<Text TextId="IDT_SM_NAME_TEL910" Value="Telegrama JennyScience 910, PZD-11/9"/>
<Text TextId="IDT_SM_INFO_TEL910" Value="Telegrama JennyScience 910: posicionamiento, longitud PZD 11/9 palabras"/>
<Text TextId="IDT_SM_NAME_TEL911" Value="Telegrama JennyScience 911, PZD-19/16"/>
<Text TextId="IDT_SM_INFO_TEL911" Value="Telegrama JennyScience 911: posicionamiento, longitud PZD 19/16 palabras"/>

<Text TextId="IDT_SM_NAME_SUPP_DATA_1" Value="Datos adicionales 1 Jenny Science, PZD-7/11"/>
<Text TextId="IDT_SM_INFO_SUPP_DATA_1" Value="Datos adicionales 1 Jenny Science, longitud PZD 7/11 palabras"/>
<Text TextId="IDT_SM_NAME_SUPP_DATA_2" Value="Datos adicionales 2 Jenny Science, PZD-2/6"/>
<Text TextId="IDT_SM_INFO_SUPP_DATA_2" Value="Datos adicionales 2 Jenny Science, longitud PZD 2/6 palabras"/>
<Text TextId="IDT_SM_NAME_SUPP_DATA_3" Value="Datos adicionales 3 Jenny Science, PZD-1/4"/>
<Text TextId="IDT_SM_INFO_SUPP_DATA_3" Value="Datos adicionales 3 Jenny Science, longitud PZD 1/4 palabras"/>
<Text TextId="IDT_SM_NAME_SUPP_DATA_4" Value="Datos adicionales 4 Jenny Science, PZD-11/13"/>
<Text TextId="IDT_SM_INFO_SUPP_DATA_4" Value="Datos adicionales 4 Jenny Science, longitud PZD 11/13 palabras"/>
<Text TextId="IDT_SM_NAME_SUPP_DATA_5" Value="Datos adicionales 5 Jenny Science, PZD-3/6"/>
<Text TextId="IDT_SM_INFO_SUPP_DATA_5" Value="Datos adicionales 5 Jenny Science, longitud PZD 3/6 palabras"/>

<Text TextId="IDT_DATAITEM_ACTVAL" Value="Palabra de estado o valor real"/>
<Text TextId="IDT_DATAITEM_REFVAL" Value="Palabra de mando o consigna"/>

					<!-- DAP text -->
<Text TextId="IDT_FamilyDescription" Value="XENAX Servo Controller"/>
<Text TextId="IDT_DAP_NAME_XENAX" Value="XENAX Xvi75V8S"/>
<Text TextId="IDT_DAP_MRP_NAME_XENAX" Value="XENAX Xvi75V8S con apoyo MRP"/>
<Text TextId="IDT_DAP_INFO_XENAX" Value="XENAX Xvi75V8S con interfaz PROFINET-IO (comunicación RT, IRT y acíclica, modo isócrono)"/>
<Text TextId="IDT_DAP_MRP_INFO_XENAX" Value="XENAX Xvi75V8S con interfaz PROFINET-IO (comunicación RT, IRT y acíclica, modo isócrono, MRP)"/>

<Text TextId="IDT_Subslot_Interface" Value="X1"/>
<Text TextId="IDT_Subslot_PORT1" Value="X1 P1"/>
<Text TextId="IDT_Subslot_PORT2" Value="X1 P2"/>
<Text TextId="IDT_PORT1" Value="Puerto 1"/>
<Text TextId="IDT_PORT2" Value="Puerto 2"/>
<Text TextId="IDT_ISM_CBE" Value="Interfaz"/>

</Language>
<Language xml:lang="fr">
					<!-- module text -->
<Text TextId="IDT_MOD_NAME_EMPTY" Value="DO sans PZD"/>
<Text TextId="IDT_MOD_INFO_EMPTY" Value="Objet entraînement (DO) sans PZD cyclique"/>

					<!-- compact modules -->
<Text TextId="IDT_MOD_NAME_TEL1" Value="DO avec télég. standard 1"/>
<Text TextId="IDT_MOD_INFO_TEL1" Value="Objet entraînement (DO) avec télégramme standard 1"/>
<Text TextId="IDT_MOD_NAME_TEL2" Value="DO avec télég. standard 2"/>
<Text TextId="IDT_MOD_INFO_TEL2" Value="Objet entraînement (DO) avec télégramme standard 2"/>
<Text TextId="IDT_MOD_NAME_TEL3" Value="DO avec télég. standard 3"/>
<Text TextId="IDT_MOD_INFO_TEL3" Value="Objet entraînement (DO) avec télégramme standard 3"/>
<Text TextId="IDT_MOD_NAME_TEL4" Value="DO avec télég. standard 4"/>
<Text TextId="IDT_MOD_INFO_TEL4" Value="Objet entraînement (DO) avec télégramme standard 4"/>
<Text TextId="IDT_MOD_NAME_TEL5" Value="DO avec télég. standard 5"/>
<Text TextId="IDT_MOD_INFO_TEL5" Value="Objet entraînement (DO) avec télégramme standard 5"/>
<Text TextId="IDT_MOD_NAME_TEL6" Value="DO avec télég. standard 6"/>
<Text TextId="IDT_MOD_INFO_TEL6" Value="Objet entraînement (DO) avec télégramme standard 6"/>
<Text TextId="IDT_MOD_NAME_TEL7" Value="DO avec télég. standard 7"/>
<Text TextId="IDT_MOD_INFO_TEL7" Value="Objet entraînement (DO) avec télégramme standard 7"/>
<Text TextId="IDT_MOD_NAME_TEL9" Value="DO avec télég. standard 9"/>
<Text TextId="IDT_MOD_INFO_TEL9" Value="Objet entraînement (DO) avec télégramme standard 9"/>

<Text TextId="IDT_MOD_NAME_TEL910" Value="DO avec télég. JennyScience 910"/>
<Text TextId="IDT_MOD_INFO_TEL910" Value="Objet entraînement (DO) avec télégramme JennyScience 910"/>
<Text TextId="IDT_MOD_NAME_TEL911" Value="DO avec télég. JennyScience 911"/>
<Text TextId="IDT_MOD_INFO_TEL911" Value="Objet entraînement (DO) avec télégramme JennyScience 911"/>

					<!-- special submodules -->
<Text TextId="IDT_SM_NAME_PAP" Value="Point Accès Paramètres"/>
<Text TextId="IDT_SM_INFO_PAP" Value="Point d&apos;accès aux paramètres de l&apos;objet entraînement (DO)"/>
<Text TextId="IDT_SM_NAME_MAP" Value="Module Access Point"/>
<Text TextId="IDT_SM_INFO_MAP" Value="Module Access Point"/>
<Text TextId="IDT_SM_NAME_EMPTY" Value="sous-module vide"/>
<Text TextId="IDT_SM_INFO_EMPTY" Value="sous-module vide"/>

					<!-- telegram submodules -->
<Text TextId="IDT_SM_NAME_TEL1" Value="Télégramme standard 1, PZD-2/2"/>
<Text TextId="IDT_SM_INFO_TEL1" Value="Télégramme standard 1 : régulation de vitesse, longueur PZD 2/2 mots"/>
<Text TextId="IDT_SM_NAME_TEL2" Value="Télégramme standard 2, PZD-4/4"/>
<Text TextId="IDT_SM_INFO_TEL2" Value="Télégramme standard 2 : régulation de vitesse, longueur PZD 4/4 mots"/>
<Text TextId="IDT_SM_NAME_TEL3" Value="Télégramme standard 3, PZD-5/9"/>
<Text TextId="IDT_SM_INFO_TEL3" Value="Télégramme standard 3 : régulation de vitesse plus 1 capteur de position, longueur PZD 5/9 mots"/>
<Text TextId="IDT_SM_NAME_TEL4" Value="Télégramme standard 4, PZD-6/14"/>
<Text TextId="IDT_SM_INFO_TEL4" Value="Télégramme standard 4 : régulation de vitesse plus 2 capteurs de position, longueur PZD 6/14 mots"/>
<Text TextId="IDT_SM_NAME_TEL5" Value="Télégramme standard 5, PZD-9/9"/>
<Text TextId="IDT_SM_INFO_TEL5" Value="Télégramme standard 5 : régulation de vitesse/position avec DSC, 1 capteur de position, longueur PZD 9/9 mots"/>
<Text TextId="IDT_SM_NAME_TEL6" Value="Télégramme standard 6, PZD-10/14"/>
<Text TextId="IDT_SM_INFO_TEL6" Value="Télégramme standard 6 : régulation de vitesse/position avec DSC, 2 capteurs de position, longueur PZD 10/14 mots"/>
<Text TextId="IDT_SM_NAME_TEL7" Value="Télégramme standard 7, PZD-2/2"/>
<Text TextId="IDT_SM_INFO_TEL7" Value="Télégramme standard 7 : positionnement, longueur PZD 2/2 mots"/>
<Text TextId="IDT_SM_NAME_TEL9" Value="Télégramme standard 9, PZD-10/5"/>
<Text TextId="IDT_SM_INFO_TEL9" Value="Télégramme standard 9 : positionnement, longueur PZD 10/5 mots"/>

<Text TextId="IDT_SM_NAME_TEL910" Value="Télégramme JennyScience 910, PZD-11/9"/>
<Text TextId="IDT_SM_INFO_TEL910" Value="Télégramme JennyScience 910 : positionnement, longueur PZD 11/9 mots"/>
<Text TextId="IDT_SM_NAME_TEL911" Value="Télégramme JennyScience 911, PZD-19/16"/>
<Text TextId="IDT_SM_INFO_TEL911" Value="Télégramme JennyScience 911 : positionnement, longueur PZD 19/16 mots"/>

<Text TextId="IDT_SM_NAME_SUPP_DATA_1" Value="Données additionnelles 1 Jenny Science, PZD-7/11"/>
<Text TextId="IDT_SM_INFO_SUPP_DATA_1" Value="Données additionnelles 1 Jenny Science, longueur PZD 7/11 mots"/>
<Text TextId="IDT_SM_NAME_SUPP_DATA_2" Value="Données additionnelles 2 Jenny Science, PZD-2/6"/>
<Text TextId="IDT_SM_INFO_SUPP_DATA_2" Value="Données additionnelles 2 Jenny Science, longueur PZD 2/6 mots"/>
<Text TextId="IDT_SM_NAME_SUPP_DATA_3" Value="Données additionnelles 3 Jenny Science, PZD-1/4"/>
<Text TextId="IDT_SM_INFO_SUPP_DATA_3" Value="Données additionnelles 3 Jenny Science, longueur PZD 1/4 mots"/>
<Text TextId="IDT_SM_NAME_SUPP_DATA_4" Value="Données additionnelles 4 Jenny Science, PZD-11/13"/>
<Text TextId="IDT_SM_INFO_SUPP_DATA_4" Value="Données additionnelles 4 Jenny Science, longueur PZD 11/13 mots"/>
<Text TextId="IDT_SM_NAME_SUPP_DATA_5" Value="Données additionnelles 5 Jenny Science, PZD-3/6"/>
<Text TextId="IDT_SM_INFO_SUPP_DATA_5" Value="Données additionnelles 5 Jenny Science, longueur PZD 3/6 mots"/>

<Text TextId="IDT_DATAITEM_ACTVAL" Value="Mot d&apos;état ou mesure"/>
<Text TextId="IDT_DATAITEM_REFVAL" Value="Mot de commande ou consigne"/>

					<!-- DAP text -->
<Text TextId="IDT_FamilyDescription" Value="XENAX Servo Controller"/>
<Text TextId="IDT_DAP_NAME_XENAX" Value="XENAX Xvi75V8S"/>
<Text TextId="IDT_DAP_MRP_NAME_XENAX" Value="XENAX Xvi75V8S avec le soutien MRP"/>
<Text TextId="IDT_DAP_INFO_XENAX" Value="XENAX Xvi75V8S avec interface PROFINET IO (communication temps réel, temps réel isochrone et acyclique, isochronisme)"/>
<Text TextId="IDT_DAP_MRP_INFO_XENAX" Value="XENAX Xvi75V8S avec interface PROFINET IO (communication temps réel, temps réel isochrone et acyclique, isochronisme, MRP)"/>

<Text TextId="IDT_Subslot_Interface" Value="X1"/>
<Text TextId="IDT_Subslot_PORT1" Value="X1 P1"/>
<Text TextId="IDT_Subslot_PORT2" Value="X1 P2"/>
<Text TextId="IDT_PORT1" Value="Port 1"/>
<Text TextId="IDT_PORT2" Value="Port 2"/>
<Text TextId="IDT_ISM_CBE" Value="Interface"/>

</Language>
<Language xml:lang="it">
					<!-- module text -->
<Text TextId="IDT_MOD_NAME_EMPTY" Value="DO senza PZD"/>
<Text TextId="IDT_MOD_INFO_EMPTY" Value="Oggetto di azionamento (DO) senza PZD ciclico"/>

					<!-- compact modules -->
<Text TextId="IDT_MOD_NAME_TEL1" Value="DO con telegramma standard 1"/>
<Text TextId="IDT_MOD_INFO_TEL1" Value="Oggetto di azionamento (DO) con telegramma standard 1"/>
<Text TextId="IDT_MOD_NAME_TEL2" Value="DO con telegramma standard 2"/>
<Text TextId="IDT_MOD_INFO_TEL2" Value="Oggetto di azionamento (DO) con telegramma standard 2"/>
<Text TextId="IDT_MOD_NAME_TEL3" Value="DO con telegramma standard 3"/>
<Text TextId="IDT_MOD_INFO_TEL3" Value="Oggetto di azionamento (DO) con telegramma standard 3"/>
<Text TextId="IDT_MOD_NAME_TEL4" Value="DO con telegramma standard 4"/>
<Text TextId="IDT_MOD_INFO_TEL4" Value="Oggetto di azionamento (DO) con telegramma standard 4"/>
<Text TextId="IDT_MOD_NAME_TEL5" Value="DO con telegramma standard 5"/>
<Text TextId="IDT_MOD_INFO_TEL5" Value="Oggetto di azionamento (DO) con telegramma standard 5"/>
<Text TextId="IDT_MOD_NAME_TEL6" Value="DO con telegramma standard 6"/>
<Text TextId="IDT_MOD_INFO_TEL6" Value="Oggetto di azionamento (DO) con telegramma standard 6"/>
<Text TextId="IDT_MOD_NAME_TEL7" Value="DO con telegramma standard 7"/>
<Text TextId="IDT_MOD_INFO_TEL7" Value="Oggetto di azionamento (DO) con telegramma standard 7"/>
<Text TextId="IDT_MOD_NAME_TEL9" Value="DO con telegramma standard 9"/>
<Text TextId="IDT_MOD_INFO_TEL9" Value="Oggetto di azionamento (DO) con telegramma standard 9"/>

<Text TextId="IDT_MOD_NAME_TEL910" Value="DO con telegramma JennyScience 910"/>
<Text TextId="IDT_MOD_INFO_TEL910" Value="Oggetto di azionamento (DO) con telegramma JennyScience 910"/>
<Text TextId="IDT_MOD_NAME_TEL911" Value="DO con telegramma JennyScience 911"/>
<Text TextId="IDT_MOD_INFO_TEL911" Value="Oggetto di azionamento (DO) con telegramma JennyScience 911"/>


					<!-- special submodules -->
<Text TextId="IDT_SM_NAME_PAP" Value="Parameter Access Point"/>
<Text TextId="IDT_SM_INFO_PAP" Value="Punto di accesso ai parametri dell&apos;oggetto di azionamento (DO)"/>
<Text TextId="IDT_SM_NAME_MAP" Value="Module Access Point"/>
<Text TextId="IDT_SM_INFO_MAP" Value="Module Access Point"/>
<Text TextId="IDT_SM_NAME_EMPTY" Value="Sottomodulo vuoto"/>
<Text TextId="IDT_SM_INFO_EMPTY" Value="Sottomodulo vuoto"/>

					<!-- telegram submodules -->
<Text TextId="IDT_SM_NAME_TEL1" Value="Telegramma standard 1, PZD 2/2"/>
<Text TextId="IDT_SM_INFO_TEL1" Value="Telegramma standard 1: regolazione numero di giri, lunghezza PZD 2/2 parole"/>
<Text TextId="IDT_SM_NAME_TEL2" Value="Telegramma standard 2, PZD 4/4"/>
<Text TextId="IDT_SM_INFO_TEL2" Value="Telegramma standard 2: regolazione numero di giri, lunghezza PZD 4/4 parole"/>
<Text TextId="IDT_SM_NAME_TEL3" Value="Telegramma standard 3, PZD 5/9"/>
<Text TextId="IDT_SM_INFO_TEL3" Value="Telegramma standard 3: regolazione numero di giri più 1 encoder di posizione, lunghezza PZD 5/9 parole"/>
<Text TextId="IDT_SM_NAME_TEL4" Value="Telegramma standard 4, PZD 6/14"/>
<Text TextId="IDT_SM_INFO_TEL4" Value="Telegramma standard 4: regolazione numero di giri più 2 encoder di posizione, lunghezza PZD 6/14 parole"/>
<Text TextId="IDT_SM_NAME_TEL5" Value="Telegramma standard 5, PZD 9/9"/>
<Text TextId="IDT_SM_INFO_TEL5" Value="Telegramma standard 5: regolazione numero di giri/posizione con DSC, 1 encoder di posizione, lunghezza PZD 9/9 parole"/>
<Text TextId="IDT_SM_NAME_TEL6" Value="Telegramma standard 6, PZD 10/14"/>
<Text TextId="IDT_SM_INFO_TEL6" Value="Telegramma standard 6: regolazione numero di giri/posizione con DSC, 2 encoder di posizione, lunghezza PZD 10/14 parole"/>
<Text TextId="IDT_SM_NAME_TEL7" Value="Telegramma standard 7, PZD 2/2"/>
<Text TextId="IDT_SM_INFO_TEL7" Value="Telegramma standard 7: posizionamento, lunghezza PZD 2/2 parole"/>
<Text TextId="IDT_SM_NAME_TEL9" Value="Telegramma standard 9, PZD 10/5"/>
<Text TextId="IDT_SM_INFO_TEL9" Value="Telegramma standard 9: posizionamento, lunghezza PZD 10/5 parole"/>

<Text TextId="IDT_SM_NAME_TEL910" Value="Telegramma JennyScience 910, PZD 11/9"/>
<Text TextId="IDT_SM_INFO_TEL910" Value="Telegramma JennyScience 910: posizionamento, lunghezza PZD 11/9 parole"/>
<Text TextId="IDT_SM_NAME_TEL911" Value="Telegramma JennyScience 911, PZD 19/16"/>
<Text TextId="IDT_SM_INFO_TEL911" Value="Telegramma JennyScience 911: posizionamento, lunghezza PZD 19/16 parole"/>

<Text TextId="IDT_SM_NAME_SUPP_DATA_1" Value="Dati aggiuntivi 1 Jenny Science, PZD-7/11"/>
<Text TextId="IDT_SM_INFO_SUPP_DATA_1" Value="Dati aggiuntivi 1 Jenny Science, lunghezza PZD 7/11 parole"/>
<Text TextId="IDT_SM_NAME_SUPP_DATA_2" Value="Dati aggiuntivi 2 Jenny Science, PZD-2/6"/>
<Text TextId="IDT_SM_INFO_SUPP_DATA_2" Value="Dati aggiuntivi 2 Jenny Science, lunghezza PZD 2/6 parole"/>
<Text TextId="IDT_SM_NAME_SUPP_DATA_3" Value="Dati aggiuntivi 3 Jenny Science, PZD-1/4"/>
<Text TextId="IDT_SM_INFO_SUPP_DATA_3" Value="Dati aggiuntivi 3 Jenny Science, lunghezza PZD 1/4 parole"/>
<Text TextId="IDT_SM_NAME_SUPP_DATA_4" Value="Dati aggiuntivi 4 Jenny Science, PZD-11/13"/>
<Text TextId="IDT_SM_INFO_SUPP_DATA_4" Value="Dati aggiuntivi 4 Jenny Science, lunghezza PZD 11/13 parole"/>
<Text TextId="IDT_SM_NAME_SUPP_DATA_5" Value="Dati aggiuntivi 5 Jenny Science, PZD-3/6"/>
<Text TextId="IDT_SM_INFO_SUPP_DATA_5" Value="Dati aggiuntivi 5 Jenny Science, lunghezza PZD 3/6 parole"/>

<Text TextId="IDT_DATAITEM_ACTVAL" Value="Parola di stato o valore reale"/>
<Text TextId="IDT_DATAITEM_REFVAL" Value="Parola di comando o valore di riferimento"/>

					<!-- DAP text -->
<Text TextId="IDT_FamilyDescription" Value="XENAX Servo Controller"/>
<Text TextId="IDT_DAP_NAME_XENAX" Value="XENAX Xvi75V8S"/>
<Text TextId="IDT_DAP_MRP_NAME_XENAX" Value="XENAX Xvi75V8S con supporto MRP"/>
<Text TextId="IDT_DAP_INFO_XENAX" Value="XENAX Xvi75V8S con interfaccia IO PROFINET (comunicazione RT, IRT e aciclica, sincronismo di clock)"/>
<Text TextId="IDT_DAP_MRP_INFO_XENAX" Value="XENAX Xvi75V8S con interfaccia IO PROFINET (comunicazione RT, IRT e aciclica, sincronismo di clock, MRP)"/>

<Text TextId="IDT_Subslot_Interface" Value="X1"/>
<Text TextId="IDT_Subslot_PORT1" Value="X1 P1"/>
<Text TextId="IDT_Subslot_PORT2" Value="X1 P2"/>
<Text TextId="IDT_PORT1" Value="Porta 1"/>
<Text TextId="IDT_PORT2" Value="Porta 2"/>
<Text TextId="IDT_ISM_CBE" Value="Interface"/>
</Language>
			</ExternalTextList>

		</ApplicationProcess>
	</ProfileBody>
</ISO15745Profile>
