<?xml version="1.0" encoding="utf-8"?>
<?xml-stylesheet type='text/xsl' href='ConversionLogFile.xsl'?>
<LogFile projectName="LH PLV_30012022_V9_Spring Change" typeText="Type" messageText="Message" timeText="Time">
  <MessageCell ServiceId="80" MessageId="30" MessageClass="Information" Timestamp="2/11/2022 1:16:58 PM">
    <Number ServiceNumber="80" MessageNumber="30" />
    <Text FeedbackText="Upgrade started" />
    <Help HelpId="-1" />
  </MessageCell>
  <Details ServiceId="80" MessageId="30" Timestamp="2/11/2022 1:17:01 PM" Debug="false">
    <Text>Reorganization succeed!</Text>
  </Details>
  <MessageCell ServiceId="80" MessageId="30" MessageClass="Information" Timestamp="2/11/2022 1:17:02 PM">
    <Number ServiceNumber="80" MessageNumber="30" />
    <Text FeedbackText="CheckRepair lost+found objects" />
    <Help HelpId="-1" />
  </MessageCell>
  <Details ServiceId="80" MessageId="30" Timestamp="2/11/2022 1:17:02 PM" Debug="false">
    <Text>No error is detected.</Text>
  </Details>
  <MessageCell ServiceId="80" MessageId="30" MessageClass="Information" Timestamp="2/11/2022 1:17:06 PM">
    <Number ServiceNumber="80" MessageNumber="30" />
    <Text FeedbackText="CheckRepair missing bidirectional links" />
    <Help HelpId="-1" />
  </MessageCell>
  <Details ServiceId="80" MessageId="30" Timestamp="2/11/2022 1:17:06 PM" Debug="false">
    <Text>No error is detected.</Text>
  </Details>
  <MessageCell ServiceId="80" MessageId="30" MessageClass="Information" Timestamp="2/11/2022 1:17:20 PM">
    <Number ServiceNumber="80" MessageNumber="30" />
    <Text FeedbackText="Starting conversion of UMAC data." />
    <Help HelpId="-1" />
  </MessageCell>
  <MessageCell ServiceId="80" MessageId="30" MessageClass="Information" Timestamp="2/11/2022 1:17:20 PM">
    <Number ServiceNumber="80" MessageNumber="30" />
    <Text FeedbackText="Conversion of UMAC data is finished." />
    <Help HelpId="-1" />
  </MessageCell>
  <MessageCell ServiceId="80" MessageId="30" MessageClass="Information" Timestamp="2/11/2022 1:17:20 PM">
    <Number ServiceNumber="80" MessageNumber="30" />
    <Text FeedbackText="Starting conversion of user and roles configuration data." />
    <Help HelpId="-1" />
  </MessageCell>
  <MessageCell ServiceId="80" MessageId="30" MessageClass="Information" Timestamp="2/11/2022 1:17:20 PM">
    <Number ServiceNumber="80" MessageNumber="30" />
    <Text FeedbackText="User with the required engineering right &quot;Manage users and roles&quot; has logged in." />
    <Help HelpId="-1" />
  </MessageCell>
  <MessageCell ServiceId="80" MessageId="30" MessageClass="Information" Timestamp="2/11/2022 1:17:20 PM">
    <Number ServiceNumber="80" MessageNumber="30" />
    <Text FeedbackText="Conversion of user and roles configuration is finished." />
    <Help HelpId="-1" />
  </MessageCell>
  <Details ServiceId="80" MessageId="30" Timestamp="2/11/2022 1:17:32 PM" Debug="false">
    <Text>Not invalidating fingerprints for protected object: FILL_SFC[SFC21]</Text>
  </Details>
  <Details ServiceId="80" MessageId="30" Timestamp="2/11/2022 1:17:32 PM" Debug="false">
    <Text>Not invalidating fingerprints for protected object: WRREC_SFB[SFB53]</Text>
  </Details>
  <Details ServiceId="80" MessageId="30" Timestamp="2/11/2022 1:17:32 PM" Debug="false">
    <Text>Not invalidating fingerprints for protected object: RDREC_SFB[SFB52]</Text>
  </Details>
  <Details ServiceId="80" MessageId="30" Timestamp="2/11/2022 1:17:32 PM" Debug="false">
    <Text>Not invalidating fingerprints for protected object: READ_CLK_SFC[SFC1]</Text>
  </Details>
  <Details ServiceId="80" MessageId="30" Timestamp="2/11/2022 1:17:32 PM" Debug="false">
    <Text>Not invalidating fingerprints for protected object: DPWR_DAT_SFC[SFC15]</Text>
  </Details>
  <Details ServiceId="80" MessageId="30" Timestamp="2/11/2022 1:17:32 PM" Debug="false">
    <Text>Not invalidating fingerprints for protected object: DPRD_DAT_SFC[SFC14]</Text>
  </Details>
  <Details ServiceId="80" MessageId="30" Timestamp="2/11/2022 1:17:32 PM" Debug="false">
    <Text>Not invalidating fingerprints for protected object: BLKMOV_SFC[SFC20]</Text>
  </Details>
  <Details ServiceId="80" MessageId="30" Timestamp="2/11/2022 1:17:32 PM" Debug="false">
    <Text>Not invalidating fingerprints for protected object: Chars_TO_Strg_SFC[SFC222]</Text>
  </Details>
  <Details ServiceId="80" MessageId="30" Timestamp="2/11/2022 1:17:32 PM" Debug="false">
    <Text>Not invalidating fingerprints for protected object: STRG_R_SFC[SFC208]</Text>
  </Details>
  <Details ServiceId="80" MessageId="30" Timestamp="2/11/2022 1:17:32 PM" Debug="false">
    <Text>Not invalidating fingerprints for protected object: Receive_P2P[FB614]</Text>
  </Details>
  <Details ServiceId="80" MessageId="30" Timestamp="2/11/2022 1:17:32 PM" Debug="false">
    <Text>Not invalidating fingerprints for protected object: R_TRIG[FB1001]</Text>
  </Details>
  <Details ServiceId="80" MessageId="30" Timestamp="2/11/2022 1:17:32 PM" Debug="false">
    <Text>Not invalidating fingerprints for protected object: GetStationInfo_SFB[SFB80]</Text>
  </Details>
  <Details ServiceId="80" MessageId="30" Timestamp="2/11/2022 1:17:32 PM" Debug="false">
    <Text>Not invalidating fingerprints for protected object: Get_Name[FB806]</Text>
  </Details>
  <Details ServiceId="80" MessageId="30" Timestamp="2/11/2022 1:17:32 PM" Debug="false">
    <Text>Not invalidating fingerprints for protected object: LOG2GEO_SFC[SFC141]</Text>
  </Details>
  <Details ServiceId="80" MessageId="30" Timestamp="2/11/2022 1:17:32 PM" Debug="false">
    <Text>Not invalidating fingerprints for protected object: DeviceStates[FC802]</Text>
  </Details>
  <Details ServiceId="80" MessageId="30" Timestamp="2/11/2022 1:17:32 PM" Debug="false">
    <Text>Not invalidating fingerprints for protected object: GEO2LOG_SFC[SFC142]</Text>
  </Details>
  <Details ServiceId="80" MessageId="30" Timestamp="2/11/2022 1:17:32 PM" Debug="false">
    <Text>Not invalidating fingerprints for protected object: ModuleStates[FC803]</Text>
  </Details>
  <Details ServiceId="80" MessageId="30" Timestamp="2/11/2022 1:17:32 PM" Debug="false">
    <Text>Not invalidating fingerprints for protected object: GETATTR_SFB[SFB65500]</Text>
  </Details>
  <MessageCell ServiceId="80" MessageId="30" MessageClass="Information" Timestamp="2/11/2022 1:17:43 PM">
    <Number ServiceNumber="80" MessageNumber="30" />
    <Text FeedbackText="The cross-reference information is being converted." />
    <Help HelpId="-1" />
  </MessageCell>
  <MessageCell ServiceId="80" MessageId="30" MessageClass="Information" Timestamp="2/11/2022 1:17:45 PM">
    <Number ServiceNumber="80" MessageNumber="30" />
    <Text FeedbackText="The cross-reference information was created successfully." />
    <Help HelpId="-1" />
  </MessageCell>
  <MessageCell ServiceId="80" MessageId="30" MessageClass="Information" Timestamp="2/11/2022 1:17:45 PM">
    <Number ServiceNumber="80" MessageNumber="30" />
    <Text FeedbackText="Conversion of the cross-reference information is finished." />
    <Help HelpId="-1" />
  </MessageCell>
  <Details ServiceId="80" MessageId="30" Timestamp="2/11/2022 1:17:46 PM" Debug="false">
    <Text>Package container 'Siemens.Simatic.Tech.TechModules.V12.0.1.0' was deleted</Text>
  </Details>
  <Details ServiceId="80" MessageId="30" Timestamp="2/11/2022 1:17:46 PM" Debug="false">
    <Text>Package container 'HW.ET200SP.CM_4IOLM.MDD_4IOLM-6ES7-137-6BD00-0BA0_2.2_15.0.0' was deleted</Text>
  </Details>
  <Details ServiceId="80" MessageId="30" Timestamp="2/11/2022 1:17:46 PM" Debug="false">
    <Text>Package container 'HW.GSD.gsdml-v2.1-bosch rexroth ag-011f-indradrive_01v01-20130708.xml.DEVICE_1.0.0' was deleted</Text>
  </Details>
  <Details ServiceId="80" MessageId="30" Timestamp="2/11/2022 1:17:46 PM" Debug="false">
    <Text>Package container 'HW.GSD.gsdml-v2.3-cognex-insight-20180606.xml.DEVICE_1.0.0' was deleted</Text>
  </Details>
  <Details ServiceId="80" MessageId="30" Timestamp="2/11/2022 1:17:46 PM" Debug="false">
    <Text>Package container 'Siemens.Simatic.Lang.S7PSW.V15.0.0.0.NonMandatory' was deleted</Text>
  </Details>
  <Details ServiceId="80" MessageId="30" Timestamp="2/11/2022 1:17:46 PM" Debug="false">
    <Text>Package container 'HW.S71500.CPU.CPU_1517_3_PN+DP.MDD_6ES7_517_3AP00_0AB0_2.5_15.0.0' was deleted</Text>
  </Details>
  <Details ServiceId="80" MessageId="30" Timestamp="2/11/2022 1:17:46 PM" Debug="false">
    <Text>Product version 'Siemens.Simatic.Tech.TechModules:14.00.00.00' was deleted</Text>
  </Details>
  <Details ServiceId="80" MessageId="30" Timestamp="2/11/2022 1:17:46 PM" Debug="false">
    <Text>Product version 'HW.GSD.gsdml-v2.1-bosch rexroth ag-011f-indradrive_01v01-20130708.xml.DEVICE_1.0.0.Product:11.0.0.0.0' was deleted</Text>
  </Details>
  <Details ServiceId="80" MessageId="30" Timestamp="2/11/2022 1:17:46 PM" Debug="false">
    <Text>Product version 'HW.GSD.gsdml-v2.3-cognex-insight-20180606.xml.DEVICE_1.0.0.Product:11.0.0.0.0' was deleted</Text>
  </Details>
  <MessageCell ServiceId="Automation-ObjectFrame-Feedbacks" MessageId="ConversionInfoTabProjectSucceeded" MessageClass="Success" Timestamp="2/11/2022 1:17:47 PM">
    <Number ServiceNumber="80" MessageNumber="34" />
    <Text FeedbackText="Project 'D:\Direct back up\LH PLV\001.PLC Program\Pavan Last back up\Archived bacmk up\LH PLV_30012022_V9_Spring Change\System\PEData.plf' was successfully upgraded and saved as project 'D:\Direct back up\LH PLV\001.PLC Program\Pavan Last back up\Archived bacmk up\LH PLV_30012022_V9_Spring Change_V15.1\System\PEData.plf'." />
    <Help HelpId="-1" HelpFile="" />
  </MessageCell>
</LogFile>