<?xml version="1.0" encoding="utf-8"?>
<?xml-stylesheet type='text/xsl' href='ConversionLogFile.xsl'?>
<LogFile projectName="Std PLV_26092021_V2" typeText="Type" messageText="Message" timeText="Time">
  <MessageCell ServiceId="80" MessageId="30" MessageClass="Information" Timestamp="9/28/2021 3:40:37 PM">
    <Number ServiceNumber="80" MessageNumber="30" />
    <Text FeedbackText="Upgrade started" />
    <Help HelpId="-1" />
  </MessageCell>
  <Details ServiceId="80" MessageId="30" Timestamp="9/28/2021 3:40:40 PM" Debug="false">
    <Text>Reorganization succeed!</Text>
  </Details>
  <MessageCell ServiceId="80" MessageId="30" MessageClass="Information" Timestamp="9/28/2021 3:40:40 PM">
    <Number ServiceNumber="80" MessageNumber="30" />
    <Text FeedbackText="CheckRepair lost+found objects" />
    <Help HelpId="-1" />
  </MessageCell>
  <Details ServiceId="80" MessageId="30" Timestamp="9/28/2021 3:40:40 PM" Debug="false">
    <Text>No error is detected.</Text>
  </Details>
  <MessageCell ServiceId="80" MessageId="30" MessageClass="Information" Timestamp="9/28/2021 3:40:41 PM">
    <Number ServiceNumber="80" MessageNumber="30" />
    <Text FeedbackText="CheckRepair missing bidirectional links" />
    <Help HelpId="-1" />
  </MessageCell>
  <Details ServiceId="80" MessageId="30" Timestamp="9/28/2021 3:40:41 PM" Debug="false">
    <Text>No error is detected.</Text>
  </Details>
  <MessageCell ServiceId="80" MessageId="30" MessageClass="Information" Timestamp="9/28/2021 3:40:42 PM">
    <Number ServiceNumber="80" MessageNumber="30" />
    <Text FeedbackText="CheckRepair clear segment flags" />
    <Help HelpId="-1" />
  </MessageCell>
  <Details ServiceId="80" MessageId="30" Timestamp="9/28/2021 3:40:42 PM" Debug="false">
    <Text>No error is detected.</Text>
  </Details>
  <MessageCell ServiceId="80" MessageId="30" MessageClass="Information" Timestamp="9/28/2021 3:41:10 PM">
    <Number ServiceNumber="80" MessageNumber="30" />
    <Text FeedbackText="Starting conversion of UMAC data." />
    <Help HelpId="-1" />
  </MessageCell>
  <MessageCell ServiceId="80" MessageId="30" MessageClass="Information" Timestamp="9/28/2021 3:41:10 PM">
    <Number ServiceNumber="80" MessageNumber="30" />
    <Text FeedbackText="Conversion of UMAC data is finished." />
    <Help HelpId="-1" />
  </MessageCell>
  <MessageCell ServiceId="80" MessageId="30" MessageClass="Information" Timestamp="9/28/2021 3:41:10 PM">
    <Number ServiceNumber="80" MessageNumber="30" />
    <Text FeedbackText="Starting conversion of user and roles configuration data." />
    <Help HelpId="-1" />
  </MessageCell>
  <MessageCell ServiceId="80" MessageId="30" MessageClass="Information" Timestamp="9/28/2021 3:41:10 PM">
    <Number ServiceNumber="80" MessageNumber="30" />
    <Text FeedbackText="User with the required engineering right &quot;Manage users and roles&quot; has logged in." />
    <Help HelpId="-1" />
  </MessageCell>
  <MessageCell ServiceId="80" MessageId="30" MessageClass="Information" Timestamp="9/28/2021 3:41:10 PM">
    <Number ServiceNumber="80" MessageNumber="30" />
    <Text FeedbackText="Conversion of user and roles configuration is finished." />
    <Help HelpId="-1" />
  </MessageCell>
  <Details ServiceId="80" MessageId="30" Timestamp="9/28/2021 3:41:25 PM" Debug="false">
    <Text>Not invalidating fingerprints for protected object: FILL_SFC[SFC21]</Text>
  </Details>
  <Details ServiceId="80" MessageId="30" Timestamp="9/28/2021 3:41:25 PM" Debug="false">
    <Text>Not invalidating fingerprints for protected object: WRREC_SFB[SFB53]</Text>
  </Details>
  <Details ServiceId="80" MessageId="30" Timestamp="9/28/2021 3:41:25 PM" Debug="false">
    <Text>Not invalidating fingerprints for protected object: RDREC_SFB[SFB52]</Text>
  </Details>
  <Details ServiceId="80" MessageId="30" Timestamp="9/28/2021 3:41:25 PM" Debug="false">
    <Text>Not invalidating fingerprints for protected object: READ_CLK_SFC[SFC1]</Text>
  </Details>
  <Details ServiceId="80" MessageId="30" Timestamp="9/28/2021 3:41:25 PM" Debug="false">
    <Text>Not invalidating fingerprints for protected object: DPWR_DAT_SFC[SFC15]</Text>
  </Details>
  <Details ServiceId="80" MessageId="30" Timestamp="9/28/2021 3:41:25 PM" Debug="false">
    <Text>Not invalidating fingerprints for protected object: DPRD_DAT_SFC[SFC14]</Text>
  </Details>
  <MessageCell ServiceId="80" MessageId="30" MessageClass="Information" Timestamp="9/28/2021 3:41:37 PM">
    <Number ServiceNumber="80" MessageNumber="30" />
    <Text FeedbackText="The cross-reference information is being converted." />
    <Help HelpId="-1" />
  </MessageCell>
  <MessageCell ServiceId="80" MessageId="30" MessageClass="Information" Timestamp="9/28/2021 3:41:38 PM">
    <Number ServiceNumber="80" MessageNumber="30" />
    <Text FeedbackText="The cross-reference information was created successfully." />
    <Help HelpId="-1" />
  </MessageCell>
  <MessageCell ServiceId="80" MessageId="30" MessageClass="Information" Timestamp="9/28/2021 3:41:38 PM">
    <Number ServiceNumber="80" MessageNumber="30" />
    <Text FeedbackText="Conversion of the cross-reference information is finished." />
    <Help HelpId="-1" />
  </MessageCell>
  <Details ServiceId="80" MessageId="30" Timestamp="9/28/2021 3:41:39 PM" Debug="false">
    <Text>Package container 'Siemens.Simatic.Lang.S7PSW.V15.0.0.0.NonMandatory' was deleted</Text>
  </Details>
  <Details ServiceId="80" MessageId="30" Timestamp="9/28/2021 3:41:39 PM" Debug="false">
    <Text>Package container 'HW.S71500.CPU.CPU_1517_3_PN+DP.MDD_6ES7_517_3AP00_0AB0_2.5_15.0.0' was deleted</Text>
  </Details>
  <MessageCell ServiceId="Automation-ObjectFrame-Feedbacks" MessageId="ConversionInfoTabProjectSucceeded" MessageClass="Success" Timestamp="9/28/2021 3:41:41 PM">
    <Number ServiceNumber="80" MessageNumber="34" />
    <Text FeedbackText="Project 'D:\Delphi\Ref\Std PLV_26092021_V2\System\PEData.plf' was successfully upgraded and saved as project 'D:\Delphi\Ref\Std PLV_26092021_V2_V15.1\System\PEData.plf'." />
    <Help HelpId="-1" HelpFile="" />
  </MessageCell>
</LogFile>